,evid,evname,hasgps,nr,offset,position,racetime,sname,stid,stname,telemetry,telemetry_merged,time,_record_name,_rally_stageid,_carentryid
e48230c3-8ed7-442d-a370-fae6bf73a61c_2b308e63-b21a-4e37-aeb9-065ce3513a84,a3f5f3f5-3fb0-42ab-af90-24d91c0493d0,secto Rally Finland,true,42,1633172520000,3,418100,2021,e48230c3-8ed7-442d-a370-fae6bf73a61c,SS9,/a3f5f3f5-3fb0-42ab-af90-24d91c0493d0/ss09bre_telemetry_js/js,/a3f5f3f5-3fb0-42ab-af90-24d91c0493d0/ss09bre_telemetry_js_merged/js,10/02/2021 11:02:00,Breen,e48230c3-8ed7-442d-a370-fae6bf73a61c,2b308e63-b21a-4e37-aeb9-065ce3513a84
e48230c3-8ed7-442d-a370-fae6bf73a61c_b185c5df-8115-40cf-bd81-566f016f6bf5,a3f5f3f5-3fb0-42ab-af90-24d91c0493d0,secto Rally Finland,true,33,1633172160000,1,415000,2021,e48230c3-8ed7-442d-a370-fae6bf73a61c,SS9,/a3f5f3f5-3fb0-42ab-af90-24d91c0493d0/ss09eva_telemetry_js/js,/a3f5f3f5-3fb0-42ab-af90-24d91c0493d0/ss09eva_telemetry_js_merged/js,10/02/2021 10:56:00,Evans,e48230c3-8ed7-442d-a370-fae6bf73a61c,b185c5df-8115-40cf-bd81-566f016f6bf5
e48230c3-8ed7-442d-a370-fae6bf73a61c_98d6ee2a-bbe1-407c-8192-5e360ed9362c,a3f5f3f5-3fb0-42ab-af90-24d91c0493d0,secto Rally Finland,,8,1633172340000,4,418700,2021,e48230c3-8ed7-442d-a370-fae6bf73a61c,SS9,/a3f5f3f5-3fb0-42ab-af90-24d91c0493d0/ss09tan_telemetry_js/js,,10/02/2021 10:59:00,Tänak,e48230c3-8ed7-442d-a370-fae6bf73a61c,98d6ee2a-bbe1-407c-8192-5e360ed9362c
e48230c3-8ed7-442d-a370-fae6bf73a61c_65a815b3-2492-49fd-9f28-a6a53dc0fa62,a3f5f3f5-3fb0-42ab-af90-24d91c0493d0,secto Rally Finland,,44,1633171260000,8,438000,2021,e48230c3-8ed7-442d-a370-fae6bf73a61c,SS9,/a3f5f3f5-3fb0-42ab-af90-24d91c0493d0/ss09gre_telemetry_js/js,,10/02/2021 10:41:00,Greensmith,e48230c3-8ed7-442d-a370-fae6bf73a61c,65a815b3-2492-49fd-9f28-a6a53dc0fa62
e48230c3-8ed7-442d-a370-fae6bf73a61c_382a5bfe-20a0-4d0b-bde8-4d6cf87d7b99,a3f5f3f5-3fb0-42ab-af90-24d91c0493d0,secto Rally Finland,true,4,1633171980000,5,418700,2021,e48230c3-8ed7-442d-a370-fae6bf73a61c,SS9,/a3f5f3f5-3fb0-42ab-af90-24d91c0493d0/ss09lap_telemetry_js/js,/a3f5f3f5-3fb0-42ab-af90-24d91c0493d0/ss09lap_telemetry_js_merged/js,10/02/2021 10:53:00,Lappi,e48230c3-8ed7-442d-a370-fae6bf73a61c,382a5bfe-20a0-4d0b-bde8-4d6cf87d7b99
e48230c3-8ed7-442d-a370-fae6bf73a61c_53fc8141-bca1-4d13-97fa-9b435b7008de,a3f5f3f5-3fb0-42ab-af90-24d91c0493d0,secto Rally Finland,,11,1633171620000,7,424700,2021,e48230c3-8ed7-442d-a370-fae6bf73a61c,SS9,/a3f5f3f5-3fb0-42ab-af90-24d91c0493d0/ss09neu_telemetry_js/js,,10/02/2021 10:47:00,Neuville,e48230c3-8ed7-442d-a370-fae6bf73a61c,53fc8141-bca1-4d13-97fa-9b435b7008de
e48230c3-8ed7-442d-a370-fae6bf73a61c_05ad6a76-db4c-46d5-97fc-27f767fd3b9c,a3f5f3f5-3fb0-42ab-af90-24d91c0493d0,secto Rally Finland,true,16,1633171080000,9,439500,2021,e48230c3-8ed7-442d-a370-fae6bf73a61c,SS9,/a3f5f3f5-3fb0-42ab-af90-24d91c0493d0/ss09fou_telemetry_js/js,/a3f5f3f5-3fb0-42ab-af90-24d91c0493d0/ss09fou_telemetry_js_merged/js,10/02/2021 10:38:00,Fourmaux,e48230c3-8ed7-442d-a370-fae6bf73a61c,05ad6a76-db4c-46d5-97fc-27f767fd3b9c
e48230c3-8ed7-442d-a370-fae6bf73a61c_63ab0b02-67f6-4e62-b98b-71f291b6be05,a3f5f3f5-3fb0-42ab-af90-24d91c0493d0,secto Rally Finland,true,1,1633171440000,6,423100,2021,e48230c3-8ed7-442d-a370-fae6bf73a61c,SS9,/a3f5f3f5-3fb0-42ab-af90-24d91c0493d0/ss09ogi_telemetry_js/js,/a3f5f3f5-3fb0-42ab-af90-24d91c0493d0/ss09ogi_telemetry_js_merged/js,10/02/2021 10:44:00,Ogier,e48230c3-8ed7-442d-a370-fae6bf73a61c,63ab0b02-67f6-4e62-b98b-71f291b6be05
e48230c3-8ed7-442d-a370-fae6bf73a61c_6c3d62d8-65a1-4ea5-b163-86439e760d7e,a3f5f3f5-3fb0-42ab-af90-24d91c0493d0,secto Rally Finland,,23,1633172640000,13,448800,2021,e48230c3-8ed7-442d-a370-fae6bf73a61c,SS9,/a3f5f3f5-3fb0-42ab-af90-24d91c0493d0/ss09sun_telemetry_js/js,,10/02/2021 11:04:00,Suninen,e48230c3-8ed7-442d-a370-fae6bf73a61c,6c3d62d8-65a1-4ea5-b163-86439e760d7e
e48230c3-8ed7-442d-a370-fae6bf73a61c_9d7da249-ad0f-4835-9f30-71a87ead190c,a3f5f3f5-3fb0-42ab-af90-24d91c0493d0,secto Rally Finland,,21,1633173120000,14,449400,2021,e48230c3-8ed7-442d-a370-fae6bf73a61c,SS9,/a3f5f3f5-3fb0-42ab-af90-24d91c0493d0/ss09hut_telemetry_js/js,,10/02/2021 11:12:00,Huttunen,e48230c3-8ed7-442d-a370-fae6bf73a61c,9d7da249-ad0f-4835-9f30-71a87ead190c
e48230c3-8ed7-442d-a370-fae6bf73a61c_6bc91312-a467-4f36-8bf7-d377c1968591,a3f5f3f5-3fb0-42ab-af90-24d91c0493d0,secto Rally Finland,,20,1633172760000,12,446400,2021,e48230c3-8ed7-442d-a370-fae6bf73a61c,SS9,/a3f5f3f5-3fb0-42ab-af90-24d91c0493d0/ss09ost_telemetry_js/js,,10/02/2021 11:06:00,Ostberg,e48230c3-8ed7-442d-a370-fae6bf73a61c,6bc91312-a467-4f36-8bf7-d377c1968591
e48230c3-8ed7-442d-a370-fae6bf73a61c_8cf73a6b-9199-4aa6-9954-635b124c1dd4,a3f5f3f5-3fb0-42ab-af90-24d91c0493d0,secto Rally Finland,true,69,1633171800000,2,416700,2021,e48230c3-8ed7-442d-a370-fae6bf73a61c,SS9,/a3f5f3f5-3fb0-42ab-af90-24d91c0493d0/ss09rov_telemetry_js/js,/a3f5f3f5-3fb0-42ab-af90-24d91c0493d0/ss09rov_telemetry_js_merged/js,10/02/2021 10:50:00,Rovanperä,e48230c3-8ed7-442d-a370-fae6bf73a61c,8cf73a6b-9199-4aa6-9954-635b124c1dd4
e48230c3-8ed7-442d-a370-fae6bf73a61c_d59ce450-134b-415b-b329-9567a619ec0a,a3f5f3f5-3fb0-42ab-af90-24d91c0493d0,secto Rally Finland,,22,1633172880000,19,461400,2021,e48230c3-8ed7-442d-a370-fae6bf73a61c,SS9,/a3f5f3f5-3fb0-42ab-af90-24d91c0493d0/ss09gry_telemetry_js/js,,10/02/2021 11:08:00,Gryazin,e48230c3-8ed7-442d-a370-fae6bf73a61c,d59ce450-134b-415b-b329-9567a619ec0a
