,evid,evname,hasgps,nr,offset,position,racetime,sname,stid,stname,telemetry,telemetry_merged,time,_record_name,_rally_stageid,_carentryid
10f59d48-3237-40f0-84dc-d2b74c65647b_2b308e63-b21a-4e37-aeb9-065ce3513a84,a3f5f3f5-3fb0-42ab-af90-24d91c0493d0,secto Rally Finland,true,42,1633167660000,3,635700,2021,10f59d48-3237-40f0-84dc-d2b74c65647b,SS8,/a3f5f3f5-3fb0-42ab-af90-24d91c0493d0/ss08bre_telemetry_js/js,/a3f5f3f5-3fb0-42ab-af90-24d91c0493d0/ss08bre_telemetry_js_merged/js,10/02/2021 09:41:00,Breen,10f59d48-3237-40f0-84dc-d2b74c65647b,2b308e63-b21a-4e37-aeb9-065ce3513a84
10f59d48-3237-40f0-84dc-d2b74c65647b_b185c5df-8115-40cf-bd81-566f016f6bf5,a3f5f3f5-3fb0-42ab-af90-24d91c0493d0,secto Rally Finland,true,33,1633167300000,1,628900,2021,10f59d48-3237-40f0-84dc-d2b74c65647b,SS8,/a3f5f3f5-3fb0-42ab-af90-24d91c0493d0/ss08eva_telemetry_js/js,/a3f5f3f5-3fb0-42ab-af90-24d91c0493d0/ss08eva_telemetry_js_merged/js,10/02/2021 09:35:00,Evans,10f59d48-3237-40f0-84dc-d2b74c65647b,b185c5df-8115-40cf-bd81-566f016f6bf5
10f59d48-3237-40f0-84dc-d2b74c65647b_98d6ee2a-bbe1-407c-8192-5e360ed9362c,a3f5f3f5-3fb0-42ab-af90-24d91c0493d0,secto Rally Finland,,8,1633167480000,2,633100,2021,10f59d48-3237-40f0-84dc-d2b74c65647b,SS8,/a3f5f3f5-3fb0-42ab-af90-24d91c0493d0/ss08tan_telemetry_js/js,,10/02/2021 09:38:00,Tänak,10f59d48-3237-40f0-84dc-d2b74c65647b,98d6ee2a-bbe1-407c-8192-5e360ed9362c
10f59d48-3237-40f0-84dc-d2b74c65647b_65a815b3-2492-49fd-9f28-a6a53dc0fa62,a3f5f3f5-3fb0-42ab-af90-24d91c0493d0,secto Rally Finland,,44,1633166220000,8,656200,2021,10f59d48-3237-40f0-84dc-d2b74c65647b,SS8,/a3f5f3f5-3fb0-42ab-af90-24d91c0493d0/ss08gre_telemetry_js/js,,10/02/2021 09:17:00,Greensmith,10f59d48-3237-40f0-84dc-d2b74c65647b,65a815b3-2492-49fd-9f28-a6a53dc0fa62
10f59d48-3237-40f0-84dc-d2b74c65647b_382a5bfe-20a0-4d0b-bde8-4d6cf87d7b99,a3f5f3f5-3fb0-42ab-af90-24d91c0493d0,secto Rally Finland,true,4,1633167120000,6,639800,2021,10f59d48-3237-40f0-84dc-d2b74c65647b,SS8,/a3f5f3f5-3fb0-42ab-af90-24d91c0493d0/ss08lap_telemetry_js/js,/a3f5f3f5-3fb0-42ab-af90-24d91c0493d0/ss08lap_telemetry_js_merged/js,10/02/2021 09:32:00,Lappi,10f59d48-3237-40f0-84dc-d2b74c65647b,382a5bfe-20a0-4d0b-bde8-4d6cf87d7b99
10f59d48-3237-40f0-84dc-d2b74c65647b_53fc8141-bca1-4d13-97fa-9b435b7008de,a3f5f3f5-3fb0-42ab-af90-24d91c0493d0,secto Rally Finland,,11,1633166760000,4,636800,2021,10f59d48-3237-40f0-84dc-d2b74c65647b,SS8,/a3f5f3f5-3fb0-42ab-af90-24d91c0493d0/ss08neu_telemetry_js/js,,10/02/2021 09:26:00,Neuville,10f59d48-3237-40f0-84dc-d2b74c65647b,53fc8141-bca1-4d13-97fa-9b435b7008de
10f59d48-3237-40f0-84dc-d2b74c65647b_05ad6a76-db4c-46d5-97fc-27f767fd3b9c,a3f5f3f5-3fb0-42ab-af90-24d91c0493d0,secto Rally Finland,true,16,1633166040000,9,663300,2021,10f59d48-3237-40f0-84dc-d2b74c65647b,SS8,/a3f5f3f5-3fb0-42ab-af90-24d91c0493d0/ss08fou_telemetry_js/js,/a3f5f3f5-3fb0-42ab-af90-24d91c0493d0/ss08fou_telemetry_js_merged/js,10/02/2021 09:14:00,Fourmaux,10f59d48-3237-40f0-84dc-d2b74c65647b,05ad6a76-db4c-46d5-97fc-27f767fd3b9c
10f59d48-3237-40f0-84dc-d2b74c65647b_63ab0b02-67f6-4e62-b98b-71f291b6be05,a3f5f3f5-3fb0-42ab-af90-24d91c0493d0,secto Rally Finland,true,1,1633166580000,7,640700,2021,10f59d48-3237-40f0-84dc-d2b74c65647b,SS8,/a3f5f3f5-3fb0-42ab-af90-24d91c0493d0/ss08ogi_telemetry_js/js,/a3f5f3f5-3fb0-42ab-af90-24d91c0493d0/ss08ogi_telemetry_js_merged/js,10/02/2021 09:23:00,Ogier,10f59d48-3237-40f0-84dc-d2b74c65647b,63ab0b02-67f6-4e62-b98b-71f291b6be05
10f59d48-3237-40f0-84dc-d2b74c65647b_6c3d62d8-65a1-4ea5-b163-86439e760d7e,a3f5f3f5-3fb0-42ab-af90-24d91c0493d0,secto Rally Finland,,23,1633167780000,10,673400,2021,10f59d48-3237-40f0-84dc-d2b74c65647b,SS8,/a3f5f3f5-3fb0-42ab-af90-24d91c0493d0/ss08sun_telemetry_js/js,,10/02/2021 09:43:00,Suninen,10f59d48-3237-40f0-84dc-d2b74c65647b,6c3d62d8-65a1-4ea5-b163-86439e760d7e
10f59d48-3237-40f0-84dc-d2b74c65647b_9d7da249-ad0f-4835-9f30-71a87ead190c,a3f5f3f5-3fb0-42ab-af90-24d91c0493d0,secto Rally Finland,,21,1633168260000,15,685000,2021,10f59d48-3237-40f0-84dc-d2b74c65647b,SS8,/a3f5f3f5-3fb0-42ab-af90-24d91c0493d0/ss08hut_telemetry_js/js,,10/02/2021 09:51:00,Huttunen,10f59d48-3237-40f0-84dc-d2b74c65647b,9d7da249-ad0f-4835-9f30-71a87ead190c
10f59d48-3237-40f0-84dc-d2b74c65647b_6bc91312-a467-4f36-8bf7-d377c1968591,a3f5f3f5-3fb0-42ab-af90-24d91c0493d0,secto Rally Finland,,20,1633167900000,11,674700,2021,10f59d48-3237-40f0-84dc-d2b74c65647b,SS8,/a3f5f3f5-3fb0-42ab-af90-24d91c0493d0/ss08ost_telemetry_js/js,,10/02/2021 09:45:00,Ostberg,10f59d48-3237-40f0-84dc-d2b74c65647b,6bc91312-a467-4f36-8bf7-d377c1968591
10f59d48-3237-40f0-84dc-d2b74c65647b_082b95f7-a5f9-4b7c-ac60-f2f32a18ee32,a3f5f3f5-3fb0-42ab-af90-24d91c0493d0,secto Rally Finland,,18,1633166400000,42,1228900,2021,10f59d48-3237-40f0-84dc-d2b74c65647b,SS8,/a3f5f3f5-3fb0-42ab-af90-24d91c0493d0/ss08kat_telemetry_js/js,,10/02/2021 09:20:00,Katsuta,10f59d48-3237-40f0-84dc-d2b74c65647b,082b95f7-a5f9-4b7c-ac60-f2f32a18ee32
10f59d48-3237-40f0-84dc-d2b74c65647b_8cf73a6b-9199-4aa6-9954-635b124c1dd4,a3f5f3f5-3fb0-42ab-af90-24d91c0493d0,secto Rally Finland,true,69,1633166940000,5,639400,2021,10f59d48-3237-40f0-84dc-d2b74c65647b,SS8,/a3f5f3f5-3fb0-42ab-af90-24d91c0493d0/ss08rov_telemetry_js/js,/a3f5f3f5-3fb0-42ab-af90-24d91c0493d0/ss08rov_telemetry_js_merged/js,10/02/2021 09:29:00,Rovanperä,10f59d48-3237-40f0-84dc-d2b74c65647b,8cf73a6b-9199-4aa6-9954-635b124c1dd4
10f59d48-3237-40f0-84dc-d2b74c65647b_d59ce450-134b-415b-b329-9567a619ec0a,a3f5f3f5-3fb0-42ab-af90-24d91c0493d0,secto Rally Finland,,22,1633168020000,27,746200,2021,10f59d48-3237-40f0-84dc-d2b74c65647b,SS8,/a3f5f3f5-3fb0-42ab-af90-24d91c0493d0/ss08gry_telemetry_js/js,,10/02/2021 09:47:00,Gryazin,10f59d48-3237-40f0-84dc-d2b74c65647b,d59ce450-134b-415b-b329-9567a619ec0a
