,evid,evname,hasgps,nr,offset,position,racetime,sname,stid,stname,telemetry,telemetry_merged,time,_record_name,_rally_stageid,_carentryid
ac8a498b-36b4-4b68-8fa4-45d70e0f84ff_b185c5df-8115-40cf-bd81-566f016f6bf5,a3f5f3f5-3fb0-42ab-af90-24d91c0493d0,secto Rally Finland,true,33,1633270200000,1,318900,2021,ac8a498b-36b4-4b68-8fa4-45d70e0f84ff,SS19,/a3f5f3f5-3fb0-42ab-af90-24d91c0493d0/ss19eva_telemetry_js/js,/a3f5f3f5-3fb0-42ab-af90-24d91c0493d0/ss19eva_telemetry_js_merged/js,10/03/2021 14:10:00,Evans,ac8a498b-36b4-4b68-8fa4-45d70e0f84ff,b185c5df-8115-40cf-bd81-566f016f6bf5
ac8a498b-36b4-4b68-8fa4-45d70e0f84ff_65a815b3-2492-49fd-9f28-a6a53dc0fa62,a3f5f3f5-3fb0-42ab-af90-24d91c0493d0,secto Rally Finland,,44,1633269000000,7,329000,2021,ac8a498b-36b4-4b68-8fa4-45d70e0f84ff,SS19,/a3f5f3f5-3fb0-42ab-af90-24d91c0493d0/ss19gre_telemetry_js/js,,10/03/2021 13:50:00,Greensmith,ac8a498b-36b4-4b68-8fa4-45d70e0f84ff,65a815b3-2492-49fd-9f28-a6a53dc0fa62
ac8a498b-36b4-4b68-8fa4-45d70e0f84ff_d59ce450-134b-415b-b329-9567a619ec0a,a3f5f3f5-3fb0-42ab-af90-24d91c0493d0,secto Rally Finland,,22,1633267080000,13,348400,2021,ac8a498b-36b4-4b68-8fa4-45d70e0f84ff,SS19,/a3f5f3f5-3fb0-42ab-af90-24d91c0493d0/ss19gry_telemetry_js/js,,10/03/2021 13:18:00,Gryazin,ac8a498b-36b4-4b68-8fa4-45d70e0f84ff,d59ce450-134b-415b-b329-9567a619ec0a
ac8a498b-36b4-4b68-8fa4-45d70e0f84ff_9d7da249-ad0f-4835-9f30-71a87ead190c,a3f5f3f5-3fb0-42ab-af90-24d91c0493d0,secto Rally Finland,,21,1633267800000,12,347200,2021,ac8a498b-36b4-4b68-8fa4-45d70e0f84ff,SS19,/a3f5f3f5-3fb0-42ab-af90-24d91c0493d0/ss19hut_telemetry_js/js,,10/03/2021 13:30:00,Huttunen,ac8a498b-36b4-4b68-8fa4-45d70e0f84ff,9d7da249-ad0f-4835-9f30-71a87ead190c
ac8a498b-36b4-4b68-8fa4-45d70e0f84ff_63ab0b02-67f6-4e62-b98b-71f291b6be05,a3f5f3f5-3fb0-42ab-af90-24d91c0493d0,secto Rally Finland,true,1,1633269240000,6,328700,2021,ac8a498b-36b4-4b68-8fa4-45d70e0f84ff,SS19,/a3f5f3f5-3fb0-42ab-af90-24d91c0493d0/ss19ogi_telemetry_js/js,/a3f5f3f5-3fb0-42ab-af90-24d91c0493d0/ss19ogi_telemetry_js_merged/js,10/03/2021 13:54:00,Ogier,ac8a498b-36b4-4b68-8fa4-45d70e0f84ff,63ab0b02-67f6-4e62-b98b-71f291b6be05
ac8a498b-36b4-4b68-8fa4-45d70e0f84ff_6c3d62d8-65a1-4ea5-b163-86439e760d7e,a3f5f3f5-3fb0-42ab-af90-24d91c0493d0,secto Rally Finland,,23,1633268280000,9,344300,2021,ac8a498b-36b4-4b68-8fa4-45d70e0f84ff,SS19,/a3f5f3f5-3fb0-42ab-af90-24d91c0493d0/ss19sun_telemetry_js/js,,10/03/2021 13:38:00,Suninen,ac8a498b-36b4-4b68-8fa4-45d70e0f84ff,6c3d62d8-65a1-4ea5-b163-86439e760d7e
ac8a498b-36b4-4b68-8fa4-45d70e0f84ff_382a5bfe-20a0-4d0b-bde8-4d6cf87d7b99,a3f5f3f5-3fb0-42ab-af90-24d91c0493d0,secto Rally Finland,true,4,1633269480000,3,321800,2021,ac8a498b-36b4-4b68-8fa4-45d70e0f84ff,SS19,/a3f5f3f5-3fb0-42ab-af90-24d91c0493d0/ss19lap_telemetry_js/js,/a3f5f3f5-3fb0-42ab-af90-24d91c0493d0/ss19lap_telemetry_js_merged/js,10/03/2021 13:58:00,Lappi,ac8a498b-36b4-4b68-8fa4-45d70e0f84ff,382a5bfe-20a0-4d0b-bde8-4d6cf87d7b99
ac8a498b-36b4-4b68-8fa4-45d70e0f84ff_6bc91312-a467-4f36-8bf7-d377c1968591,a3f5f3f5-3fb0-42ab-af90-24d91c0493d0,secto Rally Finland,,20,1633268040000,11,345900,2021,ac8a498b-36b4-4b68-8fa4-45d70e0f84ff,SS19,/a3f5f3f5-3fb0-42ab-af90-24d91c0493d0/ss19ost_telemetry_js/js,,10/03/2021 13:34:00,Ostberg,ac8a498b-36b4-4b68-8fa4-45d70e0f84ff,6bc91312-a467-4f36-8bf7-d377c1968591
ac8a498b-36b4-4b68-8fa4-45d70e0f84ff_2b308e63-b21a-4e37-aeb9-065ce3513a84,a3f5f3f5-3fb0-42ab-af90-24d91c0493d0,secto Rally Finland,true,42,1633269720000,5,325600,2021,ac8a498b-36b4-4b68-8fa4-45d70e0f84ff,SS19,/a3f5f3f5-3fb0-42ab-af90-24d91c0493d0/ss19bre_telemetry_js/js,/a3f5f3f5-3fb0-42ab-af90-24d91c0493d0/ss19bre_telemetry_js_merged/js,10/03/2021 14:02:00,Breen,ac8a498b-36b4-4b68-8fa4-45d70e0f84ff,2b308e63-b21a-4e37-aeb9-065ce3513a84
ac8a498b-36b4-4b68-8fa4-45d70e0f84ff_082b95f7-a5f9-4b7c-ac60-f2f32a18ee32,a3f5f3f5-3fb0-42ab-af90-24d91c0493d0,secto Rally Finland,true,18,1633268520000,4,324600,2021,ac8a498b-36b4-4b68-8fa4-45d70e0f84ff,SS19,/a3f5f3f5-3fb0-42ab-af90-24d91c0493d0/ss19kat_telemetry_js/js,/a3f5f3f5-3fb0-42ab-af90-24d91c0493d0/ss19kat_telemetry_js_merged/js,10/03/2021 13:42:00,Katsuta,ac8a498b-36b4-4b68-8fa4-45d70e0f84ff,082b95f7-a5f9-4b7c-ac60-f2f32a18ee32
ac8a498b-36b4-4b68-8fa4-45d70e0f84ff_05ad6a76-db4c-46d5-97fc-27f767fd3b9c,a3f5f3f5-3fb0-42ab-af90-24d91c0493d0,secto Rally Finland,true,16,1633268760000,8,330600,2021,ac8a498b-36b4-4b68-8fa4-45d70e0f84ff,SS19,/a3f5f3f5-3fb0-42ab-af90-24d91c0493d0/ss19fou_telemetry_js/js,/a3f5f3f5-3fb0-42ab-af90-24d91c0493d0/ss19fou_telemetry_js_merged/js,10/03/2021 13:46:00,Fourmaux,ac8a498b-36b4-4b68-8fa4-45d70e0f84ff,05ad6a76-db4c-46d5-97fc-27f767fd3b9c
ac8a498b-36b4-4b68-8fa4-45d70e0f84ff_98d6ee2a-bbe1-407c-8192-5e360ed9362c,a3f5f3f5-3fb0-42ab-af90-24d91c0493d0,secto Rally Finland,,8,1633269960000,2,320600,2021,ac8a498b-36b4-4b68-8fa4-45d70e0f84ff,SS19,/a3f5f3f5-3fb0-42ab-af90-24d91c0493d0/ss19tan_telemetry_js/js,,10/03/2021 14:06:00,Tänak,ac8a498b-36b4-4b68-8fa4-45d70e0f84ff,98d6ee2a-bbe1-407c-8192-5e360ed9362c
ac8a498b-36b4-4b68-8fa4-45d70e0f84ff_8cf73a6b-9199-4aa6-9954-635b124c1dd4,a3f5f3f5-3fb0-42ab-af90-24d91c0493d0,secto Rally Finland,,69,1633270380000,19,355800,2021,ac8a498b-36b4-4b68-8fa4-45d70e0f84ff,SS19,/a3f5f3f5-3fb0-42ab-af90-24d91c0493d0/ss19rov_telemetry_js/js,,10/03/2021 14:13:00,Rovanperä,ac8a498b-36b4-4b68-8fa4-45d70e0f84ff,8cf73a6b-9199-4aa6-9954-635b124c1dd4
