,evid,evname,hasgps,nr,offset,position,racetime,sname,stid,stname,telemetry,telemetry_merged,time,_record_name,_rally_stageid,_carentryid
8eaba958-18dd-4ba8-856f-452eb52cd3a4_b185c5df-8115-40cf-bd81-566f016f6bf5,a3f5f3f5-3fb0-42ab-af90-24d91c0493d0,secto Rally Finland,true,33,1633260300000,1,318000,2021,8eaba958-18dd-4ba8-856f-452eb52cd3a4,SS18,/a3f5f3f5-3fb0-42ab-af90-24d91c0493d0/ss18eva_telemetry_js/js,/a3f5f3f5-3fb0-42ab-af90-24d91c0493d0/ss18eva_telemetry_js_merged/js,10/03/2021 11:25:00,Evans,8eaba958-18dd-4ba8-856f-452eb52cd3a4,b185c5df-8115-40cf-bd81-566f016f6bf5
8eaba958-18dd-4ba8-856f-452eb52cd3a4_6bc91312-a467-4f36-8bf7-d377c1968591,a3f5f3f5-3fb0-42ab-af90-24d91c0493d0,secto Rally Finland,,20,1633260540000,12,342600,2021,8eaba958-18dd-4ba8-856f-452eb52cd3a4,SS18,/a3f5f3f5-3fb0-42ab-af90-24d91c0493d0/ss18ost_telemetry_js/js,,10/03/2021 11:29:00,Ostberg,8eaba958-18dd-4ba8-856f-452eb52cd3a4,6bc91312-a467-4f36-8bf7-d377c1968591
8eaba958-18dd-4ba8-856f-452eb52cd3a4_2b308e63-b21a-4e37-aeb9-065ce3513a84,a3f5f3f5-3fb0-42ab-af90-24d91c0493d0,secto Rally Finland,true,42,1633259940000,4,322200,2021,8eaba958-18dd-4ba8-856f-452eb52cd3a4,SS18,/a3f5f3f5-3fb0-42ab-af90-24d91c0493d0/ss18bre_telemetry_js/js,/a3f5f3f5-3fb0-42ab-af90-24d91c0493d0/ss18bre_telemetry_js_merged/js,10/03/2021 11:19:00,Breen,8eaba958-18dd-4ba8-856f-452eb52cd3a4,2b308e63-b21a-4e37-aeb9-065ce3513a84
8eaba958-18dd-4ba8-856f-452eb52cd3a4_98d6ee2a-bbe1-407c-8192-5e360ed9362c,a3f5f3f5-3fb0-42ab-af90-24d91c0493d0,secto Rally Finland,,8,1633260120000,2,318200,2021,8eaba958-18dd-4ba8-856f-452eb52cd3a4,SS18,/a3f5f3f5-3fb0-42ab-af90-24d91c0493d0/ss18tan_telemetry_js/js,,10/03/2021 11:22:00,Tänak,8eaba958-18dd-4ba8-856f-452eb52cd3a4,98d6ee2a-bbe1-407c-8192-5e360ed9362c
8eaba958-18dd-4ba8-856f-452eb52cd3a4_9d7da249-ad0f-4835-9f30-71a87ead190c,a3f5f3f5-3fb0-42ab-af90-24d91c0493d0,secto Rally Finland,,21,1633260660000,13,343900,2021,8eaba958-18dd-4ba8-856f-452eb52cd3a4,SS18,/a3f5f3f5-3fb0-42ab-af90-24d91c0493d0/ss18hut_telemetry_js/js,,10/03/2021 11:31:00,Huttunen,8eaba958-18dd-4ba8-856f-452eb52cd3a4,9d7da249-ad0f-4835-9f30-71a87ead190c
8eaba958-18dd-4ba8-856f-452eb52cd3a4_63ab0b02-67f6-4e62-b98b-71f291b6be05,a3f5f3f5-3fb0-42ab-af90-24d91c0493d0,secto Rally Finland,true,1,1633259580000,5,323100,2021,8eaba958-18dd-4ba8-856f-452eb52cd3a4,SS18,/a3f5f3f5-3fb0-42ab-af90-24d91c0493d0/ss18ogi_telemetry_js/js,/a3f5f3f5-3fb0-42ab-af90-24d91c0493d0/ss18ogi_telemetry_js_merged/js,10/03/2021 11:13:00,Ogier,8eaba958-18dd-4ba8-856f-452eb52cd3a4,63ab0b02-67f6-4e62-b98b-71f291b6be05
8eaba958-18dd-4ba8-856f-452eb52cd3a4_6c3d62d8-65a1-4ea5-b163-86439e760d7e,a3f5f3f5-3fb0-42ab-af90-24d91c0493d0,secto Rally Finland,,23,1633260420000,10,337800,2021,8eaba958-18dd-4ba8-856f-452eb52cd3a4,SS18,/a3f5f3f5-3fb0-42ab-af90-24d91c0493d0/ss18sun_telemetry_js/js,,10/03/2021 11:27:00,Suninen,8eaba958-18dd-4ba8-856f-452eb52cd3a4,6c3d62d8-65a1-4ea5-b163-86439e760d7e
8eaba958-18dd-4ba8-856f-452eb52cd3a4_05ad6a76-db4c-46d5-97fc-27f767fd3b9c,a3f5f3f5-3fb0-42ab-af90-24d91c0493d0,secto Rally Finland,true,16,1633259220000,8,330400,2021,8eaba958-18dd-4ba8-856f-452eb52cd3a4,SS18,/a3f5f3f5-3fb0-42ab-af90-24d91c0493d0/ss18fou_telemetry_js/js,/a3f5f3f5-3fb0-42ab-af90-24d91c0493d0/ss18fou_telemetry_js_merged/js,10/03/2021 11:07:00,Fourmaux,8eaba958-18dd-4ba8-856f-452eb52cd3a4,05ad6a76-db4c-46d5-97fc-27f767fd3b9c
8eaba958-18dd-4ba8-856f-452eb52cd3a4_382a5bfe-20a0-4d0b-bde8-4d6cf87d7b99,a3f5f3f5-3fb0-42ab-af90-24d91c0493d0,secto Rally Finland,true,4,1633259760000,3,319800,2021,8eaba958-18dd-4ba8-856f-452eb52cd3a4,SS18,/a3f5f3f5-3fb0-42ab-af90-24d91c0493d0/ss18lap_telemetry_js/js,/a3f5f3f5-3fb0-42ab-af90-24d91c0493d0/ss18lap_telemetry_js_merged/js,10/03/2021 11:16:00,Lappi,8eaba958-18dd-4ba8-856f-452eb52cd3a4,382a5bfe-20a0-4d0b-bde8-4d6cf87d7b99
8eaba958-18dd-4ba8-856f-452eb52cd3a4_082b95f7-a5f9-4b7c-ac60-f2f32a18ee32,a3f5f3f5-3fb0-42ab-af90-24d91c0493d0,secto Rally Finland,true,18,1633258860000,6,324900,2021,8eaba958-18dd-4ba8-856f-452eb52cd3a4,SS18,/a3f5f3f5-3fb0-42ab-af90-24d91c0493d0/ss18kat_telemetry_js/js,/a3f5f3f5-3fb0-42ab-af90-24d91c0493d0/ss18kat_telemetry_js_merged/js,10/03/2021 11:01:00,Katsuta,8eaba958-18dd-4ba8-856f-452eb52cd3a4,082b95f7-a5f9-4b7c-ac60-f2f32a18ee32
8eaba958-18dd-4ba8-856f-452eb52cd3a4_8cf73a6b-9199-4aa6-9954-635b124c1dd4,a3f5f3f5-3fb0-42ab-af90-24d91c0493d0,secto Rally Finland,,69,1633259040000,20,355700,2021,8eaba958-18dd-4ba8-856f-452eb52cd3a4,SS18,/a3f5f3f5-3fb0-42ab-af90-24d91c0493d0/ss18rov_telemetry_js/js,,10/03/2021 11:04:00,Rovanperä,8eaba958-18dd-4ba8-856f-452eb52cd3a4,8cf73a6b-9199-4aa6-9954-635b124c1dd4
8eaba958-18dd-4ba8-856f-452eb52cd3a4_d59ce450-134b-415b-b329-9567a619ec0a,a3f5f3f5-3fb0-42ab-af90-24d91c0493d0,secto Rally Finland,,22,1633261020000,9,337200,2021,8eaba958-18dd-4ba8-856f-452eb52cd3a4,SS18,/a3f5f3f5-3fb0-42ab-af90-24d91c0493d0/ss18gry_telemetry_js/js,,10/03/2021 11:37:00,Gryazin,8eaba958-18dd-4ba8-856f-452eb52cd3a4,d59ce450-134b-415b-b329-9567a619ec0a
8eaba958-18dd-4ba8-856f-452eb52cd3a4_65a815b3-2492-49fd-9f28-a6a53dc0fa62,a3f5f3f5-3fb0-42ab-af90-24d91c0493d0,secto Rally Finland,,44,1633259400000,7,328300,2021,8eaba958-18dd-4ba8-856f-452eb52cd3a4,SS18,/a3f5f3f5-3fb0-42ab-af90-24d91c0493d0/ss18gre_telemetry_js/js,,10/03/2021 11:10:00,Greensmith,8eaba958-18dd-4ba8-856f-452eb52cd3a4,65a815b3-2492-49fd-9f28-a6a53dc0fa62
