,carlogo,category,seasonname,teamcar,teamid,teamlogo,tyres,_record_name,_carID,description,id,name
f547bbbc-f5fe-473f-b4ab-08f7e5cfe7e6,images/teams/toyota_128.png,WRC,Toyota Gazoo,Yaris WRC,4,images/teams/gazoo.png,Michelin,Toyota Gazoo WRT,63ab0b02-67f6-4e62-b98b-71f291b6be05,,,
f547bbbc-f5fe-473f-b4ab-08f7e5cfe7e6,images/teams/toyota_128.png,WRC,Toyota Gazoo,Yaris WRC,4,images/teams/gazoo.png,Michelin,Toyota Gazoo WRT,b185c5df-8115-40cf-bd81-566f016f6bf5,,,
2a336b8a-bb56-48cd-b5c2-f9e7c06bdaaf,images/teams/hyundai_128.png,WRC,Hyundai Shell World Rally Team,i20 WRC,10,images/teams/hyundai_128.png,Michelin,Hyundai Shell Mobis WRT,53fc8141-bca1-4d13-97fa-9b435b7008de,,,
f547bbbc-f5fe-473f-b4ab-08f7e5cfe7e6,images/teams/toyota_128.png,WRC,Toyota Gazoo,Yaris WRC,4,images/teams/gazoo.png,Michelin,Toyota Gazoo WRT,8cf73a6b-9199-4aa6-9954-635b124c1dd4,,,
2a336b8a-bb56-48cd-b5c2-f9e7c06bdaaf,images/teams/hyundai_128.png,WRC,Hyundai Shell World Rally Team,i20 WRC,10,images/teams/hyundai_128.png,Michelin,Hyundai Shell Mobis WRT,98d6ee2a-bbe1-407c-8192-5e360ed9362c,,,
f547bbbc-f5fe-473f-b4ab-08f7e5cfe7e6,images/teams/toyota_128.png,WRC,Toyota Gazoo,Yaris WRC,4,images/teams/gazoo.png,Michelin,Toyota Gazoo WRT,082b95f7-a5f9-4b7c-ac60-f2f32a18ee32,,,
2a336b8a-bb56-48cd-b5c2-f9e7c06bdaaf,images/teams/hyundai_128.png,WRC,Hyundai Shell World Rally Team,i20 WRC,10,images/teams/hyundai_128.png,Michelin,Hyundai Shell Mobis WRT,2b308e63-b21a-4e37-aeb9-065ce3513a84,,,
577b8136-ba54-451d-9375-9d2c3efc2c9b,images/teams/ford_128.png,WRC2,M-Sport World Rally Team,Fiesta R5,4,images/teams/msport_32.png,Michelin,M-Sport Ford WRT,65a815b3-2492-49fd-9f28-a6a53dc0fa62,,,
8cde3538-f79d-480a-9df0-c6c30f2e3b41,images/teams/ford_128.png,WRC2,M-Sport World Rally Team,Fiesta MkII,4,images/teams/msport_32.png,Michelin,M-Sport Ford WRT,05ad6a76-db4c-46d5-97fc-27f767fd3b9c,,,
4bcee8a5-e595-4612-9162-15fc625a4758,images/teams/ford_128.png,WRC,M-Sport World Rally Team,Fiesta RS WRC,4,images/teams/msport_32.png,Michelin,M-Sport Ford WRT,382a5bfe-20a0-4d0b-bde8-4d6cf87d7b99,,,
ece88132-3a9a-46d9-a3cf-72ac9aa3edba,images/teams/citroen_128.png,,,,,images/teams/citroen_128.png,Pirelli,PH Sport,6bc91312-a467-4f36-8bf7-d377c1968591,58162,104,PH Sport
bcb70436-b596-4710-a871-c5026136a4f3,images/teams/hyundai_128.png,WRC2,,i20 R5,10,,Pirelli,,9d7da249-ad0f-4835-9f30-71a87ead190c,,,
fb3904ba-e01a-4bb4-868c-f8e104ad3b57,images/teams/vw_128.png,WRC2,,Polo GTI,,,Michelin,,d59ce450-134b-415b-b329-9567a619ec0a,,,
4bcee8a5-e595-4612-9162-15fc625a4758,images/teams/ford_128.png,WRC,M-Sport World Rally Team,Fiesta RS WRC,4,images/teams/msport_32.png,Michelin,M-Sport Ford WRT,6c3d62d8-65a1-4ea5-b163-86439e760d7e,,,
577b8136-ba54-451d-9375-9d2c3efc2c9b,images/teams/ford_128.png,WRC2,M-Sport World Rally Team,Fiesta R5,4,images/teams/msport_32.png,Michelin,M-Sport Ford WRT,f98c6c31-c657-49df-8752-e35b4022bb90,,,
720c88b3-b327-477c-869e-3f18abdbb864,images/teams/ford_128.png,,,Ford Fiesta R5,,,Michelin,,854ed87d-6c1b-496c-942f-5587a3b422a4,,,
fb3904ba-e01a-4bb4-868c-f8e104ad3b57,images/teams/vw_128.png,WRC2,,Polo GTI,,,Michelin,,134928c2-444b-4445-b175-12d458e33751,,,
0ee21411-87e2-462b-8c3c-458a137668a1,images/teams/hyundai_128.png,WRC2,Hyundai Motorsport N,i20,10,images/teams/hyundai_128.png,Michelin,Hyundai Motorsport,7c5a9253-bb33-4e0a-874f-069a268d53c8,,,
6704a879-09ce-4be6-a851-d1962a6d8beb,images/teams/skoda_128.png,,,SKODA Fabia R5,,,Michelin,,681ad5cb-57af-4064-895c-24e42106bb3b,,,
fb3904ba-e01a-4bb4-868c-f8e104ad3b57,images/teams/vw_128.png,WRC2,,Polo GTI,,,Michelin,,8d8d3942-a2b7-4c09-aa82-811d0b31cdf7,,,
6704a879-09ce-4be6-a851-d1962a6d8beb,images/teams/skoda_128.png,,,SKODA Fabia R5,,,Michelin,,d1413346-8af5-4e9f-8dc9-00b2a202710a,,,
6704a879-09ce-4be6-a851-d1962a6d8beb,images/teams/skoda_128.png,,,SKODA Fabia R5,,,Michelin,,41432f43-698a-45a1-a849-73f171ee456e,,,
6704a879-09ce-4be6-a851-d1962a6d8beb,images/teams/skoda_128.png,,,SKODA Fabia R5,,,Michelin,,f8b332d6-bbfa-423e-bf34-512b03a2af43,,,
6704a879-09ce-4be6-a851-d1962a6d8beb,images/teams/skoda_128.png,,,SKODA Fabia R5,,,Michelin,,54bbdfbf-caf0-4638-a2b0-70905bd99b9b,,,
6704a879-09ce-4be6-a851-d1962a6d8beb,images/teams/skoda_128.png,,,SKODA Fabia R5,,,Michelin,,8eec5fd0-1352-4c32-b818-3f19407e0d79,,,
720c88b3-b327-477c-869e-3f18abdbb864,images/teams/ford_128.png,,,Ford Fiesta R5,,,Michelin,,f70b64cd-a5aa-4456-976b-3abf97163cb6,,,
bcb70436-b596-4710-a871-c5026136a4f3,images/teams/hyundai_128.png,WRC2,,i20 R5,10,,Pirelli,,d8829d9b-67f7-4830-b3d1-e45cdd0e92b5,,,
f33f3af9-8e43-493d-b637-58d5d3593b50,images/teams/skoda_128.png,,,Skoda Fabia R5,,,Pirelli,,493a7f79-98f7-4ad6-a068-8b95f32c3c30,,,
f33f3af9-8e43-493d-b637-58d5d3593b50,images/teams/skoda_128.png,,,Skoda Fabia R5,,,Pirelli,,fb0406a1-ef06-420f-8c4c-cd5a00179103,,,
bcb70436-b596-4710-a871-c5026136a4f3,images/teams/hyundai_128.png,WRC2,,i20 R5,10,,Pirelli,,97c52147-f2da-4139-9a07-49f601bdf44c,,,
6704a879-09ce-4be6-a851-d1962a6d8beb,images/teams/skoda_128.png,,,SKODA Fabia R5,,,Michelin,,121db080-09e9-44c2-ac13-f829ede11e28,,,
f33f3af9-8e43-493d-b637-58d5d3593b50,images/teams/skoda_128.png,,,Skoda Fabia R5,,,Pirelli,,4f4f93cc-ab1c-4b1d-a404-62b2af66ef21,,,
