,accx,accy,altitude,brk,driverid,gear,heading,kms,lat,lon,name,rpm,speed,status,throttle,track,utx,_rally_stageid,_carentryid,_telemetryID,_name
0,0,0,0,0,,0,306,0.0,62.23894,25.75888,018,0,0,Competing,0,,1633273954100,ac8a498b-36b4-4b68-8fa4-45d70e0f84ff,082b95f7-a5f9-4b7c-ac60-f2f32a18ee32,/a3f5f3f5-3fb0-42ab-af90-24d91c0493d0/ss19kat_telemetry_js/js,Katsuta
1,0,0,0,0,,0,304,0.0,62.23893,25.75888,018,0,0,Competing,0,,1633273947700,ac8a498b-36b4-4b68-8fa4-45d70e0f84ff,082b95f7-a5f9-4b7c-ac60-f2f32a18ee32,/a3f5f3f5-3fb0-42ab-af90-24d91c0493d0/ss19kat_telemetry_js/js,Katsuta
2,0,0,0,0,,0,300,0.0,62.23893,25.75888,018,0,0,Competing,0,,1633273941300,ac8a498b-36b4-4b68-8fa4-45d70e0f84ff,082b95f7-a5f9-4b7c-ac60-f2f32a18ee32,/a3f5f3f5-3fb0-42ab-af90-24d91c0493d0/ss19kat_telemetry_js/js,Katsuta
3,0,0,0,0,,0,300,0.0,62.23893,25.75888,018,0,0,Competing,0,,1633273939800,ac8a498b-36b4-4b68-8fa4-45d70e0f84ff,082b95f7-a5f9-4b7c-ac60-f2f32a18ee32,/a3f5f3f5-3fb0-42ab-af90-24d91c0493d0/ss19kat_telemetry_js/js,Katsuta
4,0,0,0,0,,0,300,0.0,62.23893,25.75888,018,0,0,Competing,0,,1633273934900,ac8a498b-36b4-4b68-8fa4-45d70e0f84ff,082b95f7-a5f9-4b7c-ac60-f2f32a18ee32,/a3f5f3f5-3fb0-42ab-af90-24d91c0493d0/ss19kat_telemetry_js/js,Katsuta
5,0,0,0,0,,0,300,0.0,62.23893,25.75888,018,0,0,Competing,0,,1633273928500,ac8a498b-36b4-4b68-8fa4-45d70e0f84ff,082b95f7-a5f9-4b7c-ac60-f2f32a18ee32,/a3f5f3f5-3fb0-42ab-af90-24d91c0493d0/ss19kat_telemetry_js/js,Katsuta
6,0,0,0,0,,0,322,0.0,62.23893,25.75889,018,0,0,Competing,0,,1633273922100,ac8a498b-36b4-4b68-8fa4-45d70e0f84ff,082b95f7-a5f9-4b7c-ac60-f2f32a18ee32,/a3f5f3f5-3fb0-42ab-af90-24d91c0493d0/ss19kat_telemetry_js/js,Katsuta
7,0,0,0,0,,0,358,0.0,62.23893,25.7589,018,0,0,Competing,0,,1633273915700,ac8a498b-36b4-4b68-8fa4-45d70e0f84ff,082b95f7-a5f9-4b7c-ac60-f2f32a18ee32,/a3f5f3f5-3fb0-42ab-af90-24d91c0493d0/ss19kat_telemetry_js/js,Katsuta
8,0,0,0,0,,0,20,0.0,62.2389,25.75892,018,0,0,Competing,0,,1633273909300,ac8a498b-36b4-4b68-8fa4-45d70e0f84ff,082b95f7-a5f9-4b7c-ac60-f2f32a18ee32,/a3f5f3f5-3fb0-42ab-af90-24d91c0493d0/ss19kat_telemetry_js/js,Katsuta
9,0,0,0,0,,0,358,0.0,62.23887,25.75891,018,0,10,Competing,0,,1633273903800,ac8a498b-36b4-4b68-8fa4-45d70e0f84ff,082b95f7-a5f9-4b7c-ac60-f2f32a18ee32,/a3f5f3f5-3fb0-42ab-af90-24d91c0493d0/ss19kat_telemetry_js/js,Katsuta
10,0,0,0,0,,0,346,0.0,62.23885,25.75892,018,0,14,Competing,0,,1633273902900,ac8a498b-36b4-4b68-8fa4-45d70e0f84ff,082b95f7-a5f9-4b7c-ac60-f2f32a18ee32,/a3f5f3f5-3fb0-42ab-af90-24d91c0493d0/ss19kat_telemetry_js/js,Katsuta
11,0,0,0,0,,0,330,0.0,62.23858,25.75929,018,0,8,Competing,0,,1633273896500,ac8a498b-36b4-4b68-8fa4-45d70e0f84ff,082b95f7-a5f9-4b7c-ac60-f2f32a18ee32,/a3f5f3f5-3fb0-42ab-af90-24d91c0493d0/ss19kat_telemetry_js/js,Katsuta
12,0,0,0,0,,0,324,0.0,62.23853,25.75935,018,0,0,Competing,0,,1633273890100,ac8a498b-36b4-4b68-8fa4-45d70e0f84ff,082b95f7-a5f9-4b7c-ac60-f2f32a18ee32,/a3f5f3f5-3fb0-42ab-af90-24d91c0493d0/ss19kat_telemetry_js/js,Katsuta
13,0,0,0,0,,0,324,0.0,62.23853,25.75935,018,0,0,Competing,0,,1633273883700,ac8a498b-36b4-4b68-8fa4-45d70e0f84ff,082b95f7-a5f9-4b7c-ac60-f2f32a18ee32,/a3f5f3f5-3fb0-42ab-af90-24d91c0493d0/ss19kat_telemetry_js/js,Katsuta
14,0,0,0,0,,0,330,0.0,62.23852,25.75936,018,0,0,Competing,0,,1633273877300,ac8a498b-36b4-4b68-8fa4-45d70e0f84ff,082b95f7-a5f9-4b7c-ac60-f2f32a18ee32,/a3f5f3f5-3fb0-42ab-af90-24d91c0493d0/ss19kat_telemetry_js/js,Katsuta
15,0,0,0,0,,0,332,0.0,62.2385,25.75939,018,0,3,Competing,0,,1633273870900,ac8a498b-36b4-4b68-8fa4-45d70e0f84ff,082b95f7-a5f9-4b7c-ac60-f2f32a18ee32,/a3f5f3f5-3fb0-42ab-af90-24d91c0493d0/ss19kat_telemetry_js/js,Katsuta
16,0,0,0,0,,0,328,0.0,62.23847,25.75942,018,0,0,Competing,0,,1633273864500,ac8a498b-36b4-4b68-8fa4-45d70e0f84ff,082b95f7-a5f9-4b7c-ac60-f2f32a18ee32,/a3f5f3f5-3fb0-42ab-af90-24d91c0493d0/ss19kat_telemetry_js/js,Katsuta
17,0,0,0,0,,0,332,0.0,62.23847,25.75943,018,0,0,Competing,0,,1633273858100,ac8a498b-36b4-4b68-8fa4-45d70e0f84ff,082b95f7-a5f9-4b7c-ac60-f2f32a18ee32,/a3f5f3f5-3fb0-42ab-af90-24d91c0493d0/ss19kat_telemetry_js/js,Katsuta
18,0,0,0,0,,0,336,0.0,62.23847,25.75943,018,0,0,Competing,0,,1633273851700,ac8a498b-36b4-4b68-8fa4-45d70e0f84ff,082b95f7-a5f9-4b7c-ac60-f2f32a18ee32,/a3f5f3f5-3fb0-42ab-af90-24d91c0493d0/ss19kat_telemetry_js/js,Katsuta
19,0,0,0,0,,0,344,0.0,62.23847,25.75943,018,0,2,Competing,0,,1633273845300,ac8a498b-36b4-4b68-8fa4-45d70e0f84ff,082b95f7-a5f9-4b7c-ac60-f2f32a18ee32,/a3f5f3f5-3fb0-42ab-af90-24d91c0493d0/ss19kat_telemetry_js/js,Katsuta
20,0,0,0,0,,0,56,0.0,62.23841,25.75941,018,0,0,Competing,0,,1633273838900,ac8a498b-36b4-4b68-8fa4-45d70e0f84ff,082b95f7-a5f9-4b7c-ac60-f2f32a18ee32,/a3f5f3f5-3fb0-42ab-af90-24d91c0493d0/ss19kat_telemetry_js/js,Katsuta
21,0,0,0,0,,0,62,0.0,62.2384,25.7594,018,0,0,Competing,0,,1633273832500,ac8a498b-36b4-4b68-8fa4-45d70e0f84ff,082b95f7-a5f9-4b7c-ac60-f2f32a18ee32,/a3f5f3f5-3fb0-42ab-af90-24d91c0493d0/ss19kat_telemetry_js/js,Katsuta
22,0,0,0,0,,0,62,0.0,62.2384,25.7594,018,0,0,Competing,0,,1633273827700,ac8a498b-36b4-4b68-8fa4-45d70e0f84ff,082b95f7-a5f9-4b7c-ac60-f2f32a18ee32,/a3f5f3f5-3fb0-42ab-af90-24d91c0493d0/ss19kat_telemetry_js/js,Katsuta
23,0,0,0,0,,0,60,24.8,62.2384,25.7594,018,0,0,Competing,0,,1633273826100,ac8a498b-36b4-4b68-8fa4-45d70e0f84ff,082b95f7-a5f9-4b7c-ac60-f2f32a18ee32,/a3f5f3f5-3fb0-42ab-af90-24d91c0493d0/ss19kat_telemetry_js/js,Katsuta
24,0,0,0,0,,0,96,24.8,62.23838,25.75927,018,0,0,Competing,0,,1633273819700,ac8a498b-36b4-4b68-8fa4-45d70e0f84ff,082b95f7-a5f9-4b7c-ac60-f2f32a18ee32,/a3f5f3f5-3fb0-42ab-af90-24d91c0493d0/ss19kat_telemetry_js/js,Katsuta
25,0,0,0,0,,0,94,24.8,62.23839,25.75926,018,0,0,Competing,0,,1633273813300,ac8a498b-36b4-4b68-8fa4-45d70e0f84ff,082b95f7-a5f9-4b7c-ac60-f2f32a18ee32,/a3f5f3f5-3fb0-42ab-af90-24d91c0493d0/ss19kat_telemetry_js/js,Katsuta
26,0,0,0,0,,0,90,24.8,62.23839,25.75926,018,0,0,Competing,0,,1633273806900,ac8a498b-36b4-4b68-8fa4-45d70e0f84ff,082b95f7-a5f9-4b7c-ac60-f2f32a18ee32,/a3f5f3f5-3fb0-42ab-af90-24d91c0493d0/ss19kat_telemetry_js/js,Katsuta
27,0,0,0,0,,0,82,24.8,62.23839,25.75926,018,0,0,Competing,0,,1633273800500,ac8a498b-36b4-4b68-8fa4-45d70e0f84ff,082b95f7-a5f9-4b7c-ac60-f2f32a18ee32,/a3f5f3f5-3fb0-42ab-af90-24d91c0493d0/ss19kat_telemetry_js/js,Katsuta
28,0,0,0,0,,0,90,24.8,62.23839,25.75918,018,0,0,Competing,0,,1633273794100,ac8a498b-36b4-4b68-8fa4-45d70e0f84ff,082b95f7-a5f9-4b7c-ac60-f2f32a18ee32,/a3f5f3f5-3fb0-42ab-af90-24d91c0493d0/ss19kat_telemetry_js/js,Katsuta
29,0,0,0,0,,0,90,24.8,62.23839,25.75917,018,0,0,Competing,0,,1633273787700,ac8a498b-36b4-4b68-8fa4-45d70e0f84ff,082b95f7-a5f9-4b7c-ac60-f2f32a18ee32,/a3f5f3f5-3fb0-42ab-af90-24d91c0493d0/ss19kat_telemetry_js/js,Katsuta
30,0,0,0,0,,0,62,24.8,62.23839,25.75896,018,0,7,Competing,0,,1633273781300,ac8a498b-36b4-4b68-8fa4-45d70e0f84ff,082b95f7-a5f9-4b7c-ac60-f2f32a18ee32,/a3f5f3f5-3fb0-42ab-af90-24d91c0493d0/ss19kat_telemetry_js/js,Katsuta
31,0,0,0,0,,0,358,24.8,62.23837,25.75884,018,0,0,Competing,0,,1633273774900,ac8a498b-36b4-4b68-8fa4-45d70e0f84ff,082b95f7-a5f9-4b7c-ac60-f2f32a18ee32,/a3f5f3f5-3fb0-42ab-af90-24d91c0493d0/ss19kat_telemetry_js/js,Katsuta
32,0,0,0,0,,0,356,24.8,62.23837,25.75884,018,0,0,Competing,0,,1633273768500,ac8a498b-36b4-4b68-8fa4-45d70e0f84ff,082b95f7-a5f9-4b7c-ac60-f2f32a18ee32,/a3f5f3f5-3fb0-42ab-af90-24d91c0493d0/ss19kat_telemetry_js/js,Katsuta
33,0,0,0,0,,0,356,24.8,62.23837,25.75884,018,0,0,Competing,0,,1633273762100,ac8a498b-36b4-4b68-8fa4-45d70e0f84ff,082b95f7-a5f9-4b7c-ac60-f2f32a18ee32,/a3f5f3f5-3fb0-42ab-af90-24d91c0493d0/ss19kat_telemetry_js/js,Katsuta
34,0,0,0,0,,0,6,24.8,62.23837,25.75885,018,0,0,Competing,0,,1633273755700,ac8a498b-36b4-4b68-8fa4-45d70e0f84ff,082b95f7-a5f9-4b7c-ac60-f2f32a18ee32,/a3f5f3f5-3fb0-42ab-af90-24d91c0493d0/ss19kat_telemetry_js/js,Katsuta
35,0,0,0,0,,0,20,24.8,62.23837,25.75887,018,0,0,Competing,0,,1633273749300,ac8a498b-36b4-4b68-8fa4-45d70e0f84ff,082b95f7-a5f9-4b7c-ac60-f2f32a18ee32,/a3f5f3f5-3fb0-42ab-af90-24d91c0493d0/ss19kat_telemetry_js/js,Katsuta
36,0,0,0,0,,0,4,24.7,62.23835,25.75883,018,0,10,Competing,0,,1633273742900,ac8a498b-36b4-4b68-8fa4-45d70e0f84ff,082b95f7-a5f9-4b7c-ac60-f2f32a18ee32,/a3f5f3f5-3fb0-42ab-af90-24d91c0493d0/ss19kat_telemetry_js/js,Katsuta
37,0,0,0,0,,0,306,24.7,62.23812,25.75925,018,0,27,Competing,0,,1633273736500,ac8a498b-36b4-4b68-8fa4-45d70e0f84ff,082b95f7-a5f9-4b7c-ac60-f2f32a18ee32,/a3f5f3f5-3fb0-42ab-af90-24d91c0493d0/ss19kat_telemetry_js/js,Katsuta
38,0,0,0,0,,0,354,24.7,62.23791,25.75981,018,0,17,Competing,0,,1633273730100,ac8a498b-36b4-4b68-8fa4-45d70e0f84ff,082b95f7-a5f9-4b7c-ac60-f2f32a18ee32,/a3f5f3f5-3fb0-42ab-af90-24d91c0493d0/ss19kat_telemetry_js/js,Katsuta
39,0,0,0,0,,0,34,24.6,62.23757,25.75944,018,0,23,Competing,0,,1633273723700,ac8a498b-36b4-4b68-8fa4-45d70e0f84ff,082b95f7-a5f9-4b7c-ac60-f2f32a18ee32,/a3f5f3f5-3fb0-42ab-af90-24d91c0493d0/ss19kat_telemetry_js/js,Katsuta
40,0,0,0,0,,0,38,24.6,62.23732,25.75905,018,0,21,Competing,0,,1633273717300,ac8a498b-36b4-4b68-8fa4-45d70e0f84ff,082b95f7-a5f9-4b7c-ac60-f2f32a18ee32,/a3f5f3f5-3fb0-42ab-af90-24d91c0493d0/ss19kat_telemetry_js/js,Katsuta
41,0,0,0,0,,0,60,24.5,62.237,25.75855,018,0,26,Competing,0,,1633273710900,ac8a498b-36b4-4b68-8fa4-45d70e0f84ff,082b95f7-a5f9-4b7c-ac60-f2f32a18ee32,/a3f5f3f5-3fb0-42ab-af90-24d91c0493d0/ss19kat_telemetry_js/js,Katsuta
42,0,0,0,0,,0,128,24.5,62.23702,25.75774,018,0,27,Competing,0,,1633273704500,ac8a498b-36b4-4b68-8fa4-45d70e0f84ff,082b95f7-a5f9-4b7c-ac60-f2f32a18ee32,/a3f5f3f5-3fb0-42ab-af90-24d91c0493d0/ss19kat_telemetry_js/js,Katsuta
43,0,0,0,0,,0,128,24.5,62.23729,25.757,018,0,23,Competing,0,,1633273698100,ac8a498b-36b4-4b68-8fa4-45d70e0f84ff,082b95f7-a5f9-4b7c-ac60-f2f32a18ee32,/a3f5f3f5-3fb0-42ab-af90-24d91c0493d0/ss19kat_telemetry_js/js,Katsuta
44,0,0,0,0,,0,128,24.4,62.23752,25.75637,018,0,29,Competing,0,,1633273691700,ac8a498b-36b4-4b68-8fa4-45d70e0f84ff,082b95f7-a5f9-4b7c-ac60-f2f32a18ee32,/a3f5f3f5-3fb0-42ab-af90-24d91c0493d0/ss19kat_telemetry_js/js,Katsuta
45,0,0,0,0,,0,124,24.3,62.23786,25.75541,018,0,40,Competing,0,,1633273685300,ac8a498b-36b4-4b68-8fa4-45d70e0f84ff,082b95f7-a5f9-4b7c-ac60-f2f32a18ee32,/a3f5f3f5-3fb0-42ab-af90-24d91c0493d0/ss19kat_telemetry_js/js,Katsuta
46,0,0,0,0,,0,120,24.3,62.23824,25.7541,018,0,48,Competing,0,,1633273678900,ac8a498b-36b4-4b68-8fa4-45d70e0f84ff,082b95f7-a5f9-4b7c-ac60-f2f32a18ee32,/a3f5f3f5-3fb0-42ab-af90-24d91c0493d0/ss19kat_telemetry_js/js,Katsuta
47,0,0,0,0,,0,124,24.2,62.23861,25.75282,018,0,39,Competing,0,,1633273672500,ac8a498b-36b4-4b68-8fa4-45d70e0f84ff,082b95f7-a5f9-4b7c-ac60-f2f32a18ee32,/a3f5f3f5-3fb0-42ab-af90-24d91c0493d0/ss19kat_telemetry_js/js,Katsuta
48,0,0,0,0,,0,214,24.1,62.23902,25.75231,018,0,22,Competing,0,,1633273666100,ac8a498b-36b4-4b68-8fa4-45d70e0f84ff,082b95f7-a5f9-4b7c-ac60-f2f32a18ee32,/a3f5f3f5-3fb0-42ab-af90-24d91c0493d0/ss19kat_telemetry_js/js,Katsuta
49,0,0,0,0,,0,228,24.1,62.23911,25.7525,018,0,0,Competing,0,,1633273659700,ac8a498b-36b4-4b68-8fa4-45d70e0f84ff,082b95f7-a5f9-4b7c-ac60-f2f32a18ee32,/a3f5f3f5-3fb0-42ab-af90-24d91c0493d0/ss19kat_telemetry_js/js,Katsuta
50,0,0,0,0,,0,228,24.1,62.23911,25.7525,018,0,0,Competing,0,,1633273653300,ac8a498b-36b4-4b68-8fa4-45d70e0f84ff,082b95f7-a5f9-4b7c-ac60-f2f32a18ee32,/a3f5f3f5-3fb0-42ab-af90-24d91c0493d0/ss19kat_telemetry_js/js,Katsuta
51,0,0,0,0,,0,228,24.1,62.23912,25.7525,018,0,0,Competing,0,,1633273646900,ac8a498b-36b4-4b68-8fa4-45d70e0f84ff,082b95f7-a5f9-4b7c-ac60-f2f32a18ee32,/a3f5f3f5-3fb0-42ab-af90-24d91c0493d0/ss19kat_telemetry_js/js,Katsuta
52,0,0,0,0,,0,224,24.1,62.23912,25.7525,018,0,0,Competing,0,,1633273640500,ac8a498b-36b4-4b68-8fa4-45d70e0f84ff,082b95f7-a5f9-4b7c-ac60-f2f32a18ee32,/a3f5f3f5-3fb0-42ab-af90-24d91c0493d0/ss19kat_telemetry_js/js,Katsuta
53,0,0,0,0,,0,222,24.1,62.23912,25.75252,018,0,7,Competing,0,,1633273634100,ac8a498b-36b4-4b68-8fa4-45d70e0f84ff,082b95f7-a5f9-4b7c-ac60-f2f32a18ee32,/a3f5f3f5-3fb0-42ab-af90-24d91c0493d0/ss19kat_telemetry_js/js,Katsuta
54,0,0,0,0,,0,222,24.1,62.23926,25.75281,018,0,27,Competing,0,,1633273627700,ac8a498b-36b4-4b68-8fa4-45d70e0f84ff,082b95f7-a5f9-4b7c-ac60-f2f32a18ee32,/a3f5f3f5-3fb0-42ab-af90-24d91c0493d0/ss19kat_telemetry_js/js,Katsuta
55,0,0,0,0,,0,220,24.0,62.23969,25.7536,018,0,45,Competing,0,,1633273621300,ac8a498b-36b4-4b68-8fa4-45d70e0f84ff,082b95f7-a5f9-4b7c-ac60-f2f32a18ee32,/a3f5f3f5-3fb0-42ab-af90-24d91c0493d0/ss19kat_telemetry_js/js,Katsuta
56,0,0,0,0,,0,224,23.9,62.24027,25.75472,018,0,53,Competing,0,,1633273614900,ac8a498b-36b4-4b68-8fa4-45d70e0f84ff,082b95f7-a5f9-4b7c-ac60-f2f32a18ee32,/a3f5f3f5-3fb0-42ab-af90-24d91c0493d0/ss19kat_telemetry_js/js,Katsuta
57,0,0,0,0,,0,224,23.8,62.24093,25.75608,018,0,57,Competing,0,,1633273608500,ac8a498b-36b4-4b68-8fa4-45d70e0f84ff,082b95f7-a5f9-4b7c-ac60-f2f32a18ee32,/a3f5f3f5-3fb0-42ab-af90-24d91c0493d0/ss19kat_telemetry_js/js,Katsuta
58,0,0,0,0,,0,218,23.7,62.24163,25.75743,018,0,62,Competing,0,,1633273602100,ac8a498b-36b4-4b68-8fa4-45d70e0f84ff,082b95f7-a5f9-4b7c-ac60-f2f32a18ee32,/a3f5f3f5-3fb0-42ab-af90-24d91c0493d0/ss19kat_telemetry_js/js,Katsuta
59,0,0,0,0,,0,212,23.6,62.24255,25.75883,018,0,80,Competing,0,,1633273595700,ac8a498b-36b4-4b68-8fa4-45d70e0f84ff,082b95f7-a5f9-4b7c-ac60-f2f32a18ee32,/a3f5f3f5-3fb0-42ab-af90-24d91c0493d0/ss19kat_telemetry_js/js,Katsuta
60,0,0,0,0,,0,220,23.5,62.24364,25.76043,018,0,84,Competing,0,,1633273589300,ac8a498b-36b4-4b68-8fa4-45d70e0f84ff,082b95f7-a5f9-4b7c-ac60-f2f32a18ee32,/a3f5f3f5-3fb0-42ab-af90-24d91c0493d0/ss19kat_telemetry_js/js,Katsuta
61,0,0,0,0,,0,236,23.3,62.24452,25.76265,018,0,75,Competing,0,,1633273582900,ac8a498b-36b4-4b68-8fa4-45d70e0f84ff,082b95f7-a5f9-4b7c-ac60-f2f32a18ee32,/a3f5f3f5-3fb0-42ab-af90-24d91c0493d0/ss19kat_telemetry_js/js,Katsuta
62,0,0,0,0,,0,250,23.2,62.245,25.76467,018,0,58,Competing,0,,1633273576500,ac8a498b-36b4-4b68-8fa4-45d70e0f84ff,082b95f7-a5f9-4b7c-ac60-f2f32a18ee32,/a3f5f3f5-3fb0-42ab-af90-24d91c0493d0/ss19kat_telemetry_js/js,Katsuta
63,0,0,0,0,,0,186,23.1,62.24554,25.76576,018,0,45,Competing,0,,1633273570100,ac8a498b-36b4-4b68-8fa4-45d70e0f84ff,082b95f7-a5f9-4b7c-ac60-f2f32a18ee32,/a3f5f3f5-3fb0-42ab-af90-24d91c0493d0/ss19kat_telemetry_js/js,Katsuta
64,0,0,0,0,,0,204,23.0,62.24627,25.76598,018,0,46,Competing,0,,1633273563700,ac8a498b-36b4-4b68-8fa4-45d70e0f84ff,082b95f7-a5f9-4b7c-ac60-f2f32a18ee32,/a3f5f3f5-3fb0-42ab-af90-24d91c0493d0/ss19kat_telemetry_js/js,Katsuta
65,0,0,0,0,,0,252,22.9,62.24672,25.76719,018,0,45,Competing,0,,1633273557300,ac8a498b-36b4-4b68-8fa4-45d70e0f84ff,082b95f7-a5f9-4b7c-ac60-f2f32a18ee32,/a3f5f3f5-3fb0-42ab-af90-24d91c0493d0/ss19kat_telemetry_js/js,Katsuta
66,0,0,0,0,,0,272,22.8,62.24678,25.76878,018,0,46,Competing,0,,1633273550900,ac8a498b-36b4-4b68-8fa4-45d70e0f84ff,082b95f7-a5f9-4b7c-ac60-f2f32a18ee32,/a3f5f3f5-3fb0-42ab-af90-24d91c0493d0/ss19kat_telemetry_js/js,Katsuta
67,0,0,0,0,,0,272,22.8,62.24675,25.77053,018,0,51,Competing,0,,1633273544500,ac8a498b-36b4-4b68-8fa4-45d70e0f84ff,082b95f7-a5f9-4b7c-ac60-f2f32a18ee32,/a3f5f3f5-3fb0-42ab-af90-24d91c0493d0/ss19kat_telemetry_js/js,Katsuta
68,0,0,0,0,,0,286,22.6,62.2465,25.7741,018,0,55,Competing,0,,1633273531700,ac8a498b-36b4-4b68-8fa4-45d70e0f84ff,082b95f7-a5f9-4b7c-ac60-f2f32a18ee32,/a3f5f3f5-3fb0-42ab-af90-24d91c0493d0/ss19kat_telemetry_js/js,Katsuta
69,0,0,0,0,,0,298,22.5,62.24615,25.77598,018,0,68,Competing,0,,1633273525300,ac8a498b-36b4-4b68-8fa4-45d70e0f84ff,082b95f7-a5f9-4b7c-ac60-f2f32a18ee32,/a3f5f3f5-3fb0-42ab-af90-24d91c0493d0/ss19kat_telemetry_js/js,Katsuta
70,0,0,0,0,,0,302,22.3,62.2455,25.7782,018,0,80,Competing,0,,1633273518900,ac8a498b-36b4-4b68-8fa4-45d70e0f84ff,082b95f7-a5f9-4b7c-ac60-f2f32a18ee32,/a3f5f3f5-3fb0-42ab-af90-24d91c0493d0/ss19kat_telemetry_js/js,Katsuta
71,0,0,0,0,,0,308,22.2,62.24476,25.78039,018,0,79,Competing,0,,1633273512500,ac8a498b-36b4-4b68-8fa4-45d70e0f84ff,082b95f7-a5f9-4b7c-ac60-f2f32a18ee32,/a3f5f3f5-3fb0-42ab-af90-24d91c0493d0/ss19kat_telemetry_js/js,Katsuta
72,0,0,0,0,,0,312,22.0,62.24393,25.78245,018,0,81,Competing,0,,1633273506100,ac8a498b-36b4-4b68-8fa4-45d70e0f84ff,082b95f7-a5f9-4b7c-ac60-f2f32a18ee32,/a3f5f3f5-3fb0-42ab-af90-24d91c0493d0/ss19kat_telemetry_js/js,Katsuta
73,0,0,0,0,,0,318,21.9,62.24291,25.78458,018,0,94,Competing,0,,1633273499700,ac8a498b-36b4-4b68-8fa4-45d70e0f84ff,082b95f7-a5f9-4b7c-ac60-f2f32a18ee32,/a3f5f3f5-3fb0-42ab-af90-24d91c0493d0/ss19kat_telemetry_js/js,Katsuta
74,0,0,0,0,,0,322,21.7,62.24174,25.78658,018,0,92,Competing,0,,1633273493300,ac8a498b-36b4-4b68-8fa4-45d70e0f84ff,082b95f7-a5f9-4b7c-ac60-f2f32a18ee32,/a3f5f3f5-3fb0-42ab-af90-24d91c0493d0/ss19kat_telemetry_js/js,Katsuta
75,0,0,0,0,,0,304,21.5,62.24069,25.78888,018,0,96,Competing,0,,1633273486900,ac8a498b-36b4-4b68-8fa4-45d70e0f84ff,082b95f7-a5f9-4b7c-ac60-f2f32a18ee32,/a3f5f3f5-3fb0-42ab-af90-24d91c0493d0/ss19kat_telemetry_js/js,Katsuta
76,0,0,0,0,,0,282,21.4,62.24008,25.79186,018,0,95,Competing,0,,1633273480500,ac8a498b-36b4-4b68-8fa4-45d70e0f84ff,082b95f7-a5f9-4b7c-ac60-f2f32a18ee32,/a3f5f3f5-3fb0-42ab-af90-24d91c0493d0/ss19kat_telemetry_js/js,Katsuta
77,0,0,0,0,,0,260,21.2,62.24004,25.79508,018,0,94,Competing,0,,1633273474100,ac8a498b-36b4-4b68-8fa4-45d70e0f84ff,082b95f7-a5f9-4b7c-ac60-f2f32a18ee32,/a3f5f3f5-3fb0-42ab-af90-24d91c0493d0/ss19kat_telemetry_js/js,Katsuta
78,0,0,0,0,,0,254,21.0,62.24046,25.7983,018,0,104,Competing,0,,1633273467700,ac8a498b-36b4-4b68-8fa4-45d70e0f84ff,082b95f7-a5f9-4b7c-ac60-f2f32a18ee32,/a3f5f3f5-3fb0-42ab-af90-24d91c0493d0/ss19kat_telemetry_js/js,Katsuta
79,0,0,0,0,,0,274,20.8,62.24059,25.80206,018,0,113,Competing,0,,1633273461300,ac8a498b-36b4-4b68-8fa4-45d70e0f84ff,082b95f7-a5f9-4b7c-ac60-f2f32a18ee32,/a3f5f3f5-3fb0-42ab-af90-24d91c0493d0/ss19kat_telemetry_js/js,Katsuta
80,0,0,0,0,,0,282,20.6,62.2402,25.80584,018,0,103,Competing,0,,1633273454900,ac8a498b-36b4-4b68-8fa4-45d70e0f84ff,082b95f7-a5f9-4b7c-ac60-f2f32a18ee32,/a3f5f3f5-3fb0-42ab-af90-24d91c0493d0/ss19kat_telemetry_js/js,Katsuta
81,0,0,0,0,,0,276,20.5,62.23996,25.80915,018,0,105,Competing,0,,1633273448500,ac8a498b-36b4-4b68-8fa4-45d70e0f84ff,082b95f7-a5f9-4b7c-ac60-f2f32a18ee32,/a3f5f3f5-3fb0-42ab-af90-24d91c0493d0/ss19kat_telemetry_js/js,Katsuta
82,0,0,0,0,,0,268,20.3,62.23989,25.81282,018,0,107,Competing,0,,1633273442100,ac8a498b-36b4-4b68-8fa4-45d70e0f84ff,082b95f7-a5f9-4b7c-ac60-f2f32a18ee32,/a3f5f3f5-3fb0-42ab-af90-24d91c0493d0/ss19kat_telemetry_js/js,Katsuta
83,0,0,0,0,,0,272,20.1,62.23988,25.81648,018,0,106,Competing,0,,1633273435700,ac8a498b-36b4-4b68-8fa4-45d70e0f84ff,082b95f7-a5f9-4b7c-ac60-f2f32a18ee32,/a3f5f3f5-3fb0-42ab-af90-24d91c0493d0/ss19kat_telemetry_js/js,Katsuta
84,0,0,0,0,,0,278,19.9,62.23972,25.82013,018,0,106,Competing,0,,1633273429300,ac8a498b-36b4-4b68-8fa4-45d70e0f84ff,082b95f7-a5f9-4b7c-ac60-f2f32a18ee32,/a3f5f3f5-3fb0-42ab-af90-24d91c0493d0/ss19kat_telemetry_js/js,Katsuta
85,0,0,0,0,,0,274,19.7,62.2395,25.82375,018,0,103,Competing,0,,1633273422900,ac8a498b-36b4-4b68-8fa4-45d70e0f84ff,082b95f7-a5f9-4b7c-ac60-f2f32a18ee32,/a3f5f3f5-3fb0-42ab-af90-24d91c0493d0/ss19kat_telemetry_js/js,Katsuta
86,0,0,0,0,,0,266,19.5,62.2395,25.82729,018,0,106,Competing,0,,1633273416500,ac8a498b-36b4-4b68-8fa4-45d70e0f84ff,082b95f7-a5f9-4b7c-ac60-f2f32a18ee32,/a3f5f3f5-3fb0-42ab-af90-24d91c0493d0/ss19kat_telemetry_js/js,Katsuta
87,0,0,0,0,,0,256,19.3,62.23974,25.83094,018,0,106,Competing,0,,1633273410100,ac8a498b-36b4-4b68-8fa4-45d70e0f84ff,082b95f7-a5f9-4b7c-ac60-f2f32a18ee32,/a3f5f3f5-3fb0-42ab-af90-24d91c0493d0/ss19kat_telemetry_js/js,Katsuta
88,0,0,0,0,,0,254,19.1,62.24021,25.8344,018,0,104,Competing,0,,1633273403700,ac8a498b-36b4-4b68-8fa4-45d70e0f84ff,082b95f7-a5f9-4b7c-ac60-f2f32a18ee32,/a3f5f3f5-3fb0-42ab-af90-24d91c0493d0/ss19kat_telemetry_js/js,Katsuta
89,0,0,0,0,,0,260,18.9,62.24054,25.83789,018,0,105,Competing,0,,1633273397300,ac8a498b-36b4-4b68-8fa4-45d70e0f84ff,082b95f7-a5f9-4b7c-ac60-f2f32a18ee32,/a3f5f3f5-3fb0-42ab-af90-24d91c0493d0/ss19kat_telemetry_js/js,Katsuta
90,0,0,0,0,,0,266,18.8,62.24071,25.84145,018,0,103,Competing,0,,1633273390900,ac8a498b-36b4-4b68-8fa4-45d70e0f84ff,082b95f7-a5f9-4b7c-ac60-f2f32a18ee32,/a3f5f3f5-3fb0-42ab-af90-24d91c0493d0/ss19kat_telemetry_js/js,Katsuta
91,0,0,0,0,,0,264,18.6,62.24084,25.84497,018,0,103,Competing,0,,1633273384500,ac8a498b-36b4-4b68-8fa4-45d70e0f84ff,082b95f7-a5f9-4b7c-ac60-f2f32a18ee32,/a3f5f3f5-3fb0-42ab-af90-24d91c0493d0/ss19kat_telemetry_js/js,Katsuta
92,0,0,0,0,,0,260,18.4,62.24106,25.84864,018,0,116,Competing,0,,1633273378100,ac8a498b-36b4-4b68-8fa4-45d70e0f84ff,082b95f7-a5f9-4b7c-ac60-f2f32a18ee32,/a3f5f3f5-3fb0-42ab-af90-24d91c0493d0/ss19kat_telemetry_js/js,Katsuta
93,0,0,0,0,,0,264,18.2,62.24135,25.85252,018,0,106,Competing,0,,1633273371700,ac8a498b-36b4-4b68-8fa4-45d70e0f84ff,082b95f7-a5f9-4b7c-ac60-f2f32a18ee32,/a3f5f3f5-3fb0-42ab-af90-24d91c0493d0/ss19kat_telemetry_js/js,Katsuta
94,0,0,0,0,,0,270,18.0,62.24139,25.85599,018,0,99,Competing,0,,1633273365300,ac8a498b-36b4-4b68-8fa4-45d70e0f84ff,082b95f7-a5f9-4b7c-ac60-f2f32a18ee32,/a3f5f3f5-3fb0-42ab-af90-24d91c0493d0/ss19kat_telemetry_js/js,Katsuta
95,0,0,0,0,,0,268,17.8,62.24137,25.85944,018,0,100,Competing,0,,1633273358900,ac8a498b-36b4-4b68-8fa4-45d70e0f84ff,082b95f7-a5f9-4b7c-ac60-f2f32a18ee32,/a3f5f3f5-3fb0-42ab-af90-24d91c0493d0/ss19kat_telemetry_js/js,Katsuta
96,0,0,0,0,,0,246,17.7,62.24167,25.86273,018,0,96,Competing,0,,1633273352500,ac8a498b-36b4-4b68-8fa4-45d70e0f84ff,082b95f7-a5f9-4b7c-ac60-f2f32a18ee32,/a3f5f3f5-3fb0-42ab-af90-24d91c0493d0/ss19kat_telemetry_js/js,Katsuta
97,0,0,0,0,,0,220,17.5,62.24254,25.86534,018,0,91,Competing,0,,1633273346100,ac8a498b-36b4-4b68-8fa4-45d70e0f84ff,082b95f7-a5f9-4b7c-ac60-f2f32a18ee32,/a3f5f3f5-3fb0-42ab-af90-24d91c0493d0/ss19kat_telemetry_js/js,Katsuta
98,0,0,0,0,,0,210,17.3,62.24371,25.86704,018,0,85,Competing,0,,1633273339700,ac8a498b-36b4-4b68-8fa4-45d70e0f84ff,082b95f7-a5f9-4b7c-ac60-f2f32a18ee32,/a3f5f3f5-3fb0-42ab-af90-24d91c0493d0/ss19kat_telemetry_js/js,Katsuta
99,0,0,0,0,,0,226,17.2,62.24474,25.86864,018,0,75,Competing,0,,1633273333300,ac8a498b-36b4-4b68-8fa4-45d70e0f84ff,082b95f7-a5f9-4b7c-ac60-f2f32a18ee32,/a3f5f3f5-3fb0-42ab-af90-24d91c0493d0/ss19kat_telemetry_js/js,Katsuta
100,0,0,0,0,,0,242,17.0,62.24541,25.87081,018,0,76,Competing,0,,1633273326900,ac8a498b-36b4-4b68-8fa4-45d70e0f84ff,082b95f7-a5f9-4b7c-ac60-f2f32a18ee32,/a3f5f3f5-3fb0-42ab-af90-24d91c0493d0/ss19kat_telemetry_js/js,Katsuta
101,0,0,0,0,,0,194,16.9,62.24634,25.87235,018,0,51,Competing,0,,1633273320500,ac8a498b-36b4-4b68-8fa4-45d70e0f84ff,082b95f7-a5f9-4b7c-ac60-f2f32a18ee32,/a3f5f3f5-3fb0-42ab-af90-24d91c0493d0/ss19kat_telemetry_js/js,Katsuta
102,0,0,0,0,,0,332,16.9,62.24638,25.8731,018,0,41,Competing,0,,1633273314100,ac8a498b-36b4-4b68-8fa4-45d70e0f84ff,082b95f7-a5f9-4b7c-ac60-f2f32a18ee32,/a3f5f3f5-3fb0-42ab-af90-24d91c0493d0/ss19kat_telemetry_js/js,Katsuta
103,0,0,0,0,,0,302,16.8,62.24599,25.87434,018,0,51,Competing,0,,1633273307700,ac8a498b-36b4-4b68-8fa4-45d70e0f84ff,082b95f7-a5f9-4b7c-ac60-f2f32a18ee32,/a3f5f3f5-3fb0-42ab-af90-24d91c0493d0/ss19kat_telemetry_js/js,Katsuta
104,0,0,0,0,,0,300,16.7,62.24554,25.87587,018,0,60,Competing,0,,1633273301300,ac8a498b-36b4-4b68-8fa4-45d70e0f84ff,082b95f7-a5f9-4b7c-ac60-f2f32a18ee32,/a3f5f3f5-3fb0-42ab-af90-24d91c0493d0/ss19kat_telemetry_js/js,Katsuta
105,0,0,0,0,,0,288,16.6,62.24512,25.87773,018,0,68,Competing,0,,1633273294900,ac8a498b-36b4-4b68-8fa4-45d70e0f84ff,082b95f7-a5f9-4b7c-ac60-f2f32a18ee32,/a3f5f3f5-3fb0-42ab-af90-24d91c0493d0/ss19kat_telemetry_js/js,Katsuta
106,0,0,0,0,,0,280,16.5,62.24489,25.87983,018,0,49,Competing,0,,1633273288500,ac8a498b-36b4-4b68-8fa4-45d70e0f84ff,082b95f7-a5f9-4b7c-ac60-f2f32a18ee32,/a3f5f3f5-3fb0-42ab-af90-24d91c0493d0/ss19kat_telemetry_js/js,Katsuta
107,0,0,0,0,,0,282,16.4,62.24474,25.88131,018,0,43,Competing,0,,1633273282100,ac8a498b-36b4-4b68-8fa4-45d70e0f84ff,082b95f7-a5f9-4b7c-ac60-f2f32a18ee32,/a3f5f3f5-3fb0-42ab-af90-24d91c0493d0/ss19kat_telemetry_js/js,Katsuta
108,0,0,0,0,,0,282,16.3,62.24459,25.88269,018,0,31,Competing,0,,1633273275700,ac8a498b-36b4-4b68-8fa4-45d70e0f84ff,082b95f7-a5f9-4b7c-ac60-f2f32a18ee32,/a3f5f3f5-3fb0-42ab-af90-24d91c0493d0/ss19kat_telemetry_js/js,Katsuta
109,0,0,0,0,,0,286,16.3,62.24446,25.88375,018,0,33,Competing,0,,1633273269300,ac8a498b-36b4-4b68-8fa4-45d70e0f84ff,082b95f7-a5f9-4b7c-ac60-f2f32a18ee32,/a3f5f3f5-3fb0-42ab-af90-24d91c0493d0/ss19kat_telemetry_js/js,Katsuta
110,0,0,0,0,,0,292,16.2,62.24428,25.88496,018,0,41,Competing,0,,1633273262900,ac8a498b-36b4-4b68-8fa4-45d70e0f84ff,082b95f7-a5f9-4b7c-ac60-f2f32a18ee32,/a3f5f3f5-3fb0-42ab-af90-24d91c0493d0/ss19kat_telemetry_js/js,Katsuta
111,0,0,0,0,,0,300,16.1,62.24401,25.88611,018,0,41,Competing,0,,1633273256500,ac8a498b-36b4-4b68-8fa4-45d70e0f84ff,082b95f7-a5f9-4b7c-ac60-f2f32a18ee32,/a3f5f3f5-3fb0-42ab-af90-24d91c0493d0/ss19kat_telemetry_js/js,Katsuta
112,0,0,0,0,,0,310,16.0,62.24361,25.88728,018,0,43,Competing,0,,1633273250100,ac8a498b-36b4-4b68-8fa4-45d70e0f84ff,082b95f7-a5f9-4b7c-ac60-f2f32a18ee32,/a3f5f3f5-3fb0-42ab-af90-24d91c0493d0/ss19kat_telemetry_js/js,Katsuta
113,0,0,0,0,,0,320,16.0,62.24313,25.8883,018,0,47,Competing,0,,1633273243700,ac8a498b-36b4-4b68-8fa4-45d70e0f84ff,082b95f7-a5f9-4b7c-ac60-f2f32a18ee32,/a3f5f3f5-3fb0-42ab-af90-24d91c0493d0/ss19kat_telemetry_js/js,Katsuta
114,0,0,0,0,,0,330,15.9,62.24249,25.88924,018,0,50,Competing,0,,1633273237300,ac8a498b-36b4-4b68-8fa4-45d70e0f84ff,082b95f7-a5f9-4b7c-ac60-f2f32a18ee32,/a3f5f3f5-3fb0-42ab-af90-24d91c0493d0/ss19kat_telemetry_js/js,Katsuta
115,0,0,0,0,,0,338,15.8,62.24175,25.88999,018,0,52,Competing,0,,1633273230900,ac8a498b-36b4-4b68-8fa4-45d70e0f84ff,082b95f7-a5f9-4b7c-ac60-f2f32a18ee32,/a3f5f3f5-3fb0-42ab-af90-24d91c0493d0/ss19kat_telemetry_js/js,Katsuta
116,0,0,0,0,,0,338,15.7,62.24095,25.89067,018,0,45,Competing,0,,1633273224500,ac8a498b-36b4-4b68-8fa4-45d70e0f84ff,082b95f7-a5f9-4b7c-ac60-f2f32a18ee32,/a3f5f3f5-3fb0-42ab-af90-24d91c0493d0/ss19kat_telemetry_js/js,Katsuta
117,0,0,0,0,,0,338,15.6,62.24031,25.89121,018,0,43,Competing,0,,1633273218100,ac8a498b-36b4-4b68-8fa4-45d70e0f84ff,082b95f7-a5f9-4b7c-ac60-f2f32a18ee32,/a3f5f3f5-3fb0-42ab-af90-24d91c0493d0/ss19kat_telemetry_js/js,Katsuta
118,0,0,0,0,,0,338,15.5,62.23973,25.89174,018,0,35,Competing,0,,1633273211700,ac8a498b-36b4-4b68-8fa4-45d70e0f84ff,082b95f7-a5f9-4b7c-ac60-f2f32a18ee32,/a3f5f3f5-3fb0-42ab-af90-24d91c0493d0/ss19kat_telemetry_js/js,Katsuta
119,0,0,0,0,,0,340,15.5,62.23917,25.8922,018,0,40,Competing,0,,1633273205300,ac8a498b-36b4-4b68-8fa4-45d70e0f84ff,082b95f7-a5f9-4b7c-ac60-f2f32a18ee32,/a3f5f3f5-3fb0-42ab-af90-24d91c0493d0/ss19kat_telemetry_js/js,Katsuta
120,0,0,0,0,,0,338,15.4,62.23863,25.89264,018,0,37,Competing,0,,1633273198900,ac8a498b-36b4-4b68-8fa4-45d70e0f84ff,082b95f7-a5f9-4b7c-ac60-f2f32a18ee32,/a3f5f3f5-3fb0-42ab-af90-24d91c0493d0/ss19kat_telemetry_js/js,Katsuta
121,0,0,0,0,,0,340,15.3,62.23798,25.89317,018,0,51,Competing,0,,1633273192500,ac8a498b-36b4-4b68-8fa4-45d70e0f84ff,082b95f7-a5f9-4b7c-ac60-f2f32a18ee32,/a3f5f3f5-3fb0-42ab-af90-24d91c0493d0/ss19kat_telemetry_js/js,Katsuta
122,0,0,0,0,,0,338,15.2,62.2372,25.89381,018,0,48,Competing,0,,1633273186100,ac8a498b-36b4-4b68-8fa4-45d70e0f84ff,082b95f7-a5f9-4b7c-ac60-f2f32a18ee32,/a3f5f3f5-3fb0-42ab-af90-24d91c0493d0/ss19kat_telemetry_js/js,Katsuta
123,0,0,0,0,,0,338,15.2,62.23647,25.89443,018,0,46,Competing,0,,1633273179700,ac8a498b-36b4-4b68-8fa4-45d70e0f84ff,082b95f7-a5f9-4b7c-ac60-f2f32a18ee32,/a3f5f3f5-3fb0-42ab-af90-24d91c0493d0/ss19kat_telemetry_js/js,Katsuta
124,0,0,0,0,,0,336,15.1,62.23582,25.89504,018,0,41,Competing,0,,1633273173300,ac8a498b-36b4-4b68-8fa4-45d70e0f84ff,082b95f7-a5f9-4b7c-ac60-f2f32a18ee32,/a3f5f3f5-3fb0-42ab-af90-24d91c0493d0/ss19kat_telemetry_js/js,Katsuta
125,0,0,0,0,,0,332,15.0,62.23522,25.89567,018,0,43,Competing,0,,1633273166900,ac8a498b-36b4-4b68-8fa4-45d70e0f84ff,082b95f7-a5f9-4b7c-ac60-f2f32a18ee32,/a3f5f3f5-3fb0-42ab-af90-24d91c0493d0/ss19kat_telemetry_js/js,Katsuta
126,0,0,0,0,,0,330,14.9,62.23459,25.8964,018,0,47,Competing,0,,1633273160500,ac8a498b-36b4-4b68-8fa4-45d70e0f84ff,082b95f7-a5f9-4b7c-ac60-f2f32a18ee32,/a3f5f3f5-3fb0-42ab-af90-24d91c0493d0/ss19kat_telemetry_js/js,Katsuta
127,0,0,0,0,,0,330,14.8,62.23389,25.89725,018,0,54,Competing,0,,1633273154100,ac8a498b-36b4-4b68-8fa4-45d70e0f84ff,082b95f7-a5f9-4b7c-ac60-f2f32a18ee32,/a3f5f3f5-3fb0-42ab-af90-24d91c0493d0/ss19kat_telemetry_js/js,Katsuta
128,0,0,0,0,,0,334,14.8,62.23337,25.8978,018,0,20,Competing,0,,1633273147700,ac8a498b-36b4-4b68-8fa4-45d70e0f84ff,082b95f7-a5f9-4b7c-ac60-f2f32a18ee32,/a3f5f3f5-3fb0-42ab-af90-24d91c0493d0/ss19kat_telemetry_js/js,Katsuta
129,0,0,0,0,,0,334,14.7,62.23298,25.8982,018,0,26,Competing,0,,1633273141300,ac8a498b-36b4-4b68-8fa4-45d70e0f84ff,082b95f7-a5f9-4b7c-ac60-f2f32a18ee32,/a3f5f3f5-3fb0-42ab-af90-24d91c0493d0/ss19kat_telemetry_js/js,Katsuta
130,0,0,0,0,,0,334,14.7,62.23261,25.89858,018,0,24,Competing,0,,1633273134900,ac8a498b-36b4-4b68-8fa4-45d70e0f84ff,082b95f7-a5f9-4b7c-ac60-f2f32a18ee32,/a3f5f3f5-3fb0-42ab-af90-24d91c0493d0/ss19kat_telemetry_js/js,Katsuta
131,0,0,0,0,,0,334,14.6,62.23228,25.89891,018,0,25,Competing,0,,1633273128500,ac8a498b-36b4-4b68-8fa4-45d70e0f84ff,082b95f7-a5f9-4b7c-ac60-f2f32a18ee32,/a3f5f3f5-3fb0-42ab-af90-24d91c0493d0/ss19kat_telemetry_js/js,Katsuta
132,0,0,0,0,,0,342,14.6,62.23169,25.89937,018,0,59,Competing,0,,1633273122100,ac8a498b-36b4-4b68-8fa4-45d70e0f84ff,082b95f7-a5f9-4b7c-ac60-f2f32a18ee32,/a3f5f3f5-3fb0-42ab-af90-24d91c0493d0/ss19kat_telemetry_js/js,Katsuta
133,0,0,0,0,,0,336,14.5,62.23081,25.89999,018,0,42,Competing,0,,1633273115700,ac8a498b-36b4-4b68-8fa4-45d70e0f84ff,082b95f7-a5f9-4b7c-ac60-f2f32a18ee32,/a3f5f3f5-3fb0-42ab-af90-24d91c0493d0/ss19kat_telemetry_js/js,Katsuta
134,0,0,0,0,,0,310,14.4,62.23048,25.90043,018,0,9,Competing,0,,1633273109300,ac8a498b-36b4-4b68-8fa4-45d70e0f84ff,082b95f7-a5f9-4b7c-ac60-f2f32a18ee32,/a3f5f3f5-3fb0-42ab-af90-24d91c0493d0/ss19kat_telemetry_js/js,Katsuta
135,0,0,0,0,,0,298,14.4,62.2304,25.90066,018,0,9,Competing,0,,1633273102900,ac8a498b-36b4-4b68-8fa4-45d70e0f84ff,082b95f7-a5f9-4b7c-ac60-f2f32a18ee32,/a3f5f3f5-3fb0-42ab-af90-24d91c0493d0/ss19kat_telemetry_js/js,Katsuta
136,0,0,0,0,,0,292,14.4,62.23034,25.90091,018,0,7,Competing,0,,1633273096500,ac8a498b-36b4-4b68-8fa4-45d70e0f84ff,082b95f7-a5f9-4b7c-ac60-f2f32a18ee32,/a3f5f3f5-3fb0-42ab-af90-24d91c0493d0/ss19kat_telemetry_js/js,Katsuta
137,0,0,0,0,,0,274,14.4,62.23031,25.90116,018,0,13,Competing,0,,1633273090100,ac8a498b-36b4-4b68-8fa4-45d70e0f84ff,082b95f7-a5f9-4b7c-ac60-f2f32a18ee32,/a3f5f3f5-3fb0-42ab-af90-24d91c0493d0/ss19kat_telemetry_js/js,Katsuta
138,0,0,0,0,,0,276,14.3,62.2303,25.90163,018,0,26,Competing,0,,1633273083700,ac8a498b-36b4-4b68-8fa4-45d70e0f84ff,082b95f7-a5f9-4b7c-ac60-f2f32a18ee32,/a3f5f3f5-3fb0-42ab-af90-24d91c0493d0/ss19kat_telemetry_js/js,Katsuta
139,0,0,0,0,,0,328,14.3,62.23,25.90294,018,0,48,Competing,0,,1633273077300,ac8a498b-36b4-4b68-8fa4-45d70e0f84ff,082b95f7-a5f9-4b7c-ac60-f2f32a18ee32,/a3f5f3f5-3fb0-42ab-af90-24d91c0493d0/ss19kat_telemetry_js/js,Katsuta
140,0,0,0,0,,0,332,14.2,62.22933,25.90356,018,0,49,Competing,0,,1633273070900,ac8a498b-36b4-4b68-8fa4-45d70e0f84ff,082b95f7-a5f9-4b7c-ac60-f2f32a18ee32,/a3f5f3f5-3fb0-42ab-af90-24d91c0493d0/ss19kat_telemetry_js/js,Katsuta
141,0,0,0,0,,0,304,14.1,62.22884,25.90442,018,0,15,Competing,0,,1633273064500,ac8a498b-36b4-4b68-8fa4-45d70e0f84ff,082b95f7-a5f9-4b7c-ac60-f2f32a18ee32,/a3f5f3f5-3fb0-42ab-af90-24d91c0493d0/ss19kat_telemetry_js/js,Katsuta
142,0,0,0,0,,0,298,14.1,62.22873,25.90476,018,0,19,Competing,0,,1633273058100,ac8a498b-36b4-4b68-8fa4-45d70e0f84ff,082b95f7-a5f9-4b7c-ac60-f2f32a18ee32,/a3f5f3f5-3fb0-42ab-af90-24d91c0493d0/ss19kat_telemetry_js/js,Katsuta
143,0,0,0,0,,0,286,14.1,62.22858,25.90545,018,0,0,Competing,0,,1633273051700,ac8a498b-36b4-4b68-8fa4-45d70e0f84ff,082b95f7-a5f9-4b7c-ac60-f2f32a18ee32,/a3f5f3f5-3fb0-42ab-af90-24d91c0493d0/ss19kat_telemetry_js/js,Katsuta
144,0,0,0,0,,0,286,14.1,62.22858,25.90545,018,0,0,Competing,0,,1633273045300,ac8a498b-36b4-4b68-8fa4-45d70e0f84ff,082b95f7-a5f9-4b7c-ac60-f2f32a18ee32,/a3f5f3f5-3fb0-42ab-af90-24d91c0493d0/ss19kat_telemetry_js/js,Katsuta
145,0,0,0,0,,0,284,14.1,62.22858,25.90544,018,0,4,Competing,0,,1633273038900,ac8a498b-36b4-4b68-8fa4-45d70e0f84ff,082b95f7-a5f9-4b7c-ac60-f2f32a18ee32,/a3f5f3f5-3fb0-42ab-af90-24d91c0493d0/ss19kat_telemetry_js/js,Katsuta
146,0,0,0,0,,0,280,14.0,62.22855,25.90573,018,0,12,Competing,0,,1633273032500,ac8a498b-36b4-4b68-8fa4-45d70e0f84ff,082b95f7-a5f9-4b7c-ac60-f2f32a18ee32,/a3f5f3f5-3fb0-42ab-af90-24d91c0493d0/ss19kat_telemetry_js/js,Katsuta
147,0,0,0,0,,0,278,14.0,62.22852,25.90606,018,0,0,Competing,0,,1633273026100,ac8a498b-36b4-4b68-8fa4-45d70e0f84ff,082b95f7-a5f9-4b7c-ac60-f2f32a18ee32,/a3f5f3f5-3fb0-42ab-af90-24d91c0493d0/ss19kat_telemetry_js/js,Katsuta
148,0,0,0,0,,0,276,14.0,62.22852,25.90606,018,0,0,Competing,0,,1633273019700,ac8a498b-36b4-4b68-8fa4-45d70e0f84ff,082b95f7-a5f9-4b7c-ac60-f2f32a18ee32,/a3f5f3f5-3fb0-42ab-af90-24d91c0493d0/ss19kat_telemetry_js/js,Katsuta
149,0,0,0,0,,0,274,14.0,62.22851,25.90631,018,0,24,Competing,0,,1633273013300,ac8a498b-36b4-4b68-8fa4-45d70e0f84ff,082b95f7-a5f9-4b7c-ac60-f2f32a18ee32,/a3f5f3f5-3fb0-42ab-af90-24d91c0493d0/ss19kat_telemetry_js/js,Katsuta
150,0,0,0,0,,0,270,13.9,62.22849,25.90745,018,0,48,Competing,0,,1633273006900,ac8a498b-36b4-4b68-8fa4-45d70e0f84ff,082b95f7-a5f9-4b7c-ac60-f2f32a18ee32,/a3f5f3f5-3fb0-42ab-af90-24d91c0493d0/ss19kat_telemetry_js/js,Katsuta
151,0,0,0,0,,0,256,13.8,62.22859,25.90965,018,0,77,Competing,0,,1633273000500,ac8a498b-36b4-4b68-8fa4-45d70e0f84ff,082b95f7-a5f9-4b7c-ac60-f2f32a18ee32,/a3f5f3f5-3fb0-42ab-af90-24d91c0493d0/ss19kat_telemetry_js/js,Katsuta
152,0,0,0,0,,0,246,13.7,62.22896,25.91214,018,0,78,Competing,0,,1633272994100,ac8a498b-36b4-4b68-8fa4-45d70e0f84ff,082b95f7-a5f9-4b7c-ac60-f2f32a18ee32,/a3f5f3f5-3fb0-42ab-af90-24d91c0493d0/ss19kat_telemetry_js/js,Katsuta
153,0,0,0,0,,0,236,13.5,62.22956,25.91455,018,0,80,Competing,0,,1633272987700,ac8a498b-36b4-4b68-8fa4-45d70e0f84ff,082b95f7-a5f9-4b7c-ac60-f2f32a18ee32,/a3f5f3f5-3fb0-42ab-af90-24d91c0493d0/ss19kat_telemetry_js/js,Katsuta
154,0,0,0,0,,0,226,13.4,62.23037,25.91674,018,0,83,Competing,0,,1633272981300,ac8a498b-36b4-4b68-8fa4-45d70e0f84ff,082b95f7-a5f9-4b7c-ac60-f2f32a18ee32,/a3f5f3f5-3fb0-42ab-af90-24d91c0493d0/ss19kat_telemetry_js/js,Katsuta
155,0,0,0,0,,0,222,13.2,62.23134,25.91878,018,0,82,Competing,0,,1633272974900,ac8a498b-36b4-4b68-8fa4-45d70e0f84ff,082b95f7-a5f9-4b7c-ac60-f2f32a18ee32,/a3f5f3f5-3fb0-42ab-af90-24d91c0493d0/ss19kat_telemetry_js/js,Katsuta
156,0,0,0,0,,0,230,13.1,62.23225,25.92078,018,0,81,Competing,0,,1633272968500,ac8a498b-36b4-4b68-8fa4-45d70e0f84ff,082b95f7-a5f9-4b7c-ac60-f2f32a18ee32,/a3f5f3f5-3fb0-42ab-af90-24d91c0493d0/ss19kat_telemetry_js/js,Katsuta
157,0,0,0,0,,0,238,13.0,62.233,25.92306,018,0,82,Competing,0,,1633272962100,ac8a498b-36b4-4b68-8fa4-45d70e0f84ff,082b95f7-a5f9-4b7c-ac60-f2f32a18ee32,/a3f5f3f5-3fb0-42ab-af90-24d91c0493d0/ss19kat_telemetry_js/js,Katsuta
158,0,0,0,0,,0,244,12.8,62.23359,25.92549,018,0,77,Competing,0,,1633272955700,ac8a498b-36b4-4b68-8fa4-45d70e0f84ff,082b95f7-a5f9-4b7c-ac60-f2f32a18ee32,/a3f5f3f5-3fb0-42ab-af90-24d91c0493d0/ss19kat_telemetry_js/js,Katsuta
159,0,0,0,0,,0,250,12.7,62.23404,25.92795,018,0,77,Competing,0,,1633272949300,ac8a498b-36b4-4b68-8fa4-45d70e0f84ff,082b95f7-a5f9-4b7c-ac60-f2f32a18ee32,/a3f5f3f5-3fb0-42ab-af90-24d91c0493d0/ss19kat_telemetry_js/js,Katsuta
160,0,0,0,0,,0,254,12.5,62.23441,25.93056,018,0,83,Competing,0,,1633272942900,ac8a498b-36b4-4b68-8fa4-45d70e0f84ff,082b95f7-a5f9-4b7c-ac60-f2f32a18ee32,/a3f5f3f5-3fb0-42ab-af90-24d91c0493d0/ss19kat_telemetry_js/js,Katsuta
161,0,0,0,0,,0,256,12.4,62.23474,25.93325,018,0,81,Competing,0,,1633272936500,ac8a498b-36b4-4b68-8fa4-45d70e0f84ff,082b95f7-a5f9-4b7c-ac60-f2f32a18ee32,/a3f5f3f5-3fb0-42ab-af90-24d91c0493d0/ss19kat_telemetry_js/js,Katsuta
162,0,0,0,0,,0,258,12.2,62.23503,25.93603,018,0,84,Competing,0,,1633272930100,ac8a498b-36b4-4b68-8fa4-45d70e0f84ff,082b95f7-a5f9-4b7c-ac60-f2f32a18ee32,/a3f5f3f5-3fb0-42ab-af90-24d91c0493d0/ss19kat_telemetry_js/js,Katsuta
163,0,0,0,0,,0,260,11.9,62.23553,25.9416,018,0,81,Competing,0,,1633272917300,ac8a498b-36b4-4b68-8fa4-45d70e0f84ff,082b95f7-a5f9-4b7c-ac60-f2f32a18ee32,/a3f5f3f5-3fb0-42ab-af90-24d91c0493d0/ss19kat_telemetry_js/js,Katsuta
164,0,0,0,0,,0,262,11.8,62.23572,25.94433,018,0,82,Competing,0,,1633272910900,ac8a498b-36b4-4b68-8fa4-45d70e0f84ff,082b95f7-a5f9-4b7c-ac60-f2f32a18ee32,/a3f5f3f5-3fb0-42ab-af90-24d91c0493d0/ss19kat_telemetry_js/js,Katsuta
165,0,0,0,0,,0,262,11.6,62.23589,25.94718,018,0,86,Competing,0,,1633272904500,ac8a498b-36b4-4b68-8fa4-45d70e0f84ff,082b95f7-a5f9-4b7c-ac60-f2f32a18ee32,/a3f5f3f5-3fb0-42ab-af90-24d91c0493d0/ss19kat_telemetry_js/js,Katsuta
166,0,0,0,0,,0,264,11.5,62.23603,25.95016,018,0,88,Competing,0,,1633272898100,ac8a498b-36b4-4b68-8fa4-45d70e0f84ff,082b95f7-a5f9-4b7c-ac60-f2f32a18ee32,/a3f5f3f5-3fb0-42ab-af90-24d91c0493d0/ss19kat_telemetry_js/js,Katsuta
167,0,0,0,0,,0,266,11.3,62.23614,25.95322,018,0,89,Competing,0,,1633272891700,ac8a498b-36b4-4b68-8fa4-45d70e0f84ff,082b95f7-a5f9-4b7c-ac60-f2f32a18ee32,/a3f5f3f5-3fb0-42ab-af90-24d91c0493d0/ss19kat_telemetry_js/js,Katsuta
168,0,0,0,0,,0,266,11.2,62.23623,25.95625,018,0,86,Competing,0,,1633272885300,ac8a498b-36b4-4b68-8fa4-45d70e0f84ff,082b95f7-a5f9-4b7c-ac60-f2f32a18ee32,/a3f5f3f5-3fb0-42ab-af90-24d91c0493d0/ss19kat_telemetry_js/js,Katsuta
169,0,0,0,0,,0,266,11.0,62.2363,25.9592,018,0,86,Competing,0,,1633272878900,ac8a498b-36b4-4b68-8fa4-45d70e0f84ff,082b95f7-a5f9-4b7c-ac60-f2f32a18ee32,/a3f5f3f5-3fb0-42ab-af90-24d91c0493d0/ss19kat_telemetry_js/js,Katsuta
170,0,0,0,0,,0,266,10.9,62.23638,25.96211,018,0,83,Competing,0,,1633272872500,ac8a498b-36b4-4b68-8fa4-45d70e0f84ff,082b95f7-a5f9-4b7c-ac60-f2f32a18ee32,/a3f5f3f5-3fb0-42ab-af90-24d91c0493d0/ss19kat_telemetry_js/js,Katsuta
171,0,0,0,0,,0,262,10.7,62.23651,25.96494,018,0,82,Competing,0,,1633272866100,ac8a498b-36b4-4b68-8fa4-45d70e0f84ff,082b95f7-a5f9-4b7c-ac60-f2f32a18ee32,/a3f5f3f5-3fb0-42ab-af90-24d91c0493d0/ss19kat_telemetry_js/js,Katsuta
172,0,0,0,0,,0,258,10.6,62.23671,25.96773,018,0,82,Competing,0,,1633272859700,ac8a498b-36b4-4b68-8fa4-45d70e0f84ff,082b95f7-a5f9-4b7c-ac60-f2f32a18ee32,/a3f5f3f5-3fb0-42ab-af90-24d91c0493d0/ss19kat_telemetry_js/js,Katsuta
173,0,0,0,0,,0,254,10.4,62.237,25.97046,018,0,82,Competing,0,,1633272853300,ac8a498b-36b4-4b68-8fa4-45d70e0f84ff,082b95f7-a5f9-4b7c-ac60-f2f32a18ee32,/a3f5f3f5-3fb0-42ab-af90-24d91c0493d0/ss19kat_telemetry_js/js,Katsuta
174,0,0,0,0,,0,246,10.3,62.23744,25.97311,018,0,82,Competing,0,,1633272846900,ac8a498b-36b4-4b68-8fa4-45d70e0f84ff,082b95f7-a5f9-4b7c-ac60-f2f32a18ee32,/a3f5f3f5-3fb0-42ab-af90-24d91c0493d0/ss19kat_telemetry_js/js,Katsuta
175,0,0,0,0,,0,238,10.1,62.23803,25.97563,018,0,81,Competing,0,,1633272840500,ac8a498b-36b4-4b68-8fa4-45d70e0f84ff,082b95f7-a5f9-4b7c-ac60-f2f32a18ee32,/a3f5f3f5-3fb0-42ab-af90-24d91c0493d0/ss19kat_telemetry_js/js,Katsuta
176,0,0,0,0,,0,232,10.0,62.23874,25.97794,018,0,78,Competing,0,,1633272834100,ac8a498b-36b4-4b68-8fa4-45d70e0f84ff,082b95f7-a5f9-4b7c-ac60-f2f32a18ee32,/a3f5f3f5-3fb0-42ab-af90-24d91c0493d0/ss19kat_telemetry_js/js,Katsuta
177,0,0,0,0,,0,226,9.9,62.23956,25.97998,018,0,78,Competing,0,,1633272827700,ac8a498b-36b4-4b68-8fa4-45d70e0f84ff,082b95f7-a5f9-4b7c-ac60-f2f32a18ee32,/a3f5f3f5-3fb0-42ab-af90-24d91c0493d0/ss19kat_telemetry_js/js,Katsuta
178,0,0,0,0,,0,218,9.7,62.24047,25.9818,018,0,77,Competing,0,,1633272821300,ac8a498b-36b4-4b68-8fa4-45d70e0f84ff,082b95f7-a5f9-4b7c-ac60-f2f32a18ee32,/a3f5f3f5-3fb0-42ab-af90-24d91c0493d0/ss19kat_telemetry_js/js,Katsuta
179,0,0,0,0,,0,214,9.6,62.24146,25.98338,018,0,73,Competing,0,,1633272814900,ac8a498b-36b4-4b68-8fa4-45d70e0f84ff,082b95f7-a5f9-4b7c-ac60-f2f32a18ee32,/a3f5f3f5-3fb0-42ab-af90-24d91c0493d0/ss19kat_telemetry_js/js,Katsuta
180,0,0,0,0,,0,216,9.4,62.24241,25.98478,018,0,71,Competing,0,,1633272808500,ac8a498b-36b4-4b68-8fa4-45d70e0f84ff,082b95f7-a5f9-4b7c-ac60-f2f32a18ee32,/a3f5f3f5-3fb0-42ab-af90-24d91c0493d0/ss19kat_telemetry_js/js,Katsuta
181,0,0,0,0,,0,224,9.3,62.24327,25.98637,018,0,69,Competing,0,,1633272802100,ac8a498b-36b4-4b68-8fa4-45d70e0f84ff,082b95f7-a5f9-4b7c-ac60-f2f32a18ee32,/a3f5f3f5-3fb0-42ab-af90-24d91c0493d0/ss19kat_telemetry_js/js,Katsuta
182,0,0,0,0,,0,236,9.2,62.24399,25.98823,018,0,76,Competing,0,,1633272795700,ac8a498b-36b4-4b68-8fa4-45d70e0f84ff,082b95f7-a5f9-4b7c-ac60-f2f32a18ee32,/a3f5f3f5-3fb0-42ab-af90-24d91c0493d0/ss19kat_telemetry_js/js,Katsuta
183,0,0,0,0,,0,246,9.1,62.24459,25.99062,018,0,80,Competing,0,,1633272789300,ac8a498b-36b4-4b68-8fa4-45d70e0f84ff,082b95f7-a5f9-4b7c-ac60-f2f32a18ee32,/a3f5f3f5-3fb0-42ab-af90-24d91c0493d0/ss19kat_telemetry_js/js,Katsuta
184,0,0,0,0,,0,258,8.9,62.24497,25.9933,018,0,83,Competing,0,,1633272782900,ac8a498b-36b4-4b68-8fa4-45d70e0f84ff,082b95f7-a5f9-4b7c-ac60-f2f32a18ee32,/a3f5f3f5-3fb0-42ab-af90-24d91c0493d0/ss19kat_telemetry_js/js,Katsuta
185,0,0,0,0,,0,260,8.8,62.24519,25.99608,018,0,81,Competing,0,,1633272776500,ac8a498b-36b4-4b68-8fa4-45d70e0f84ff,082b95f7-a5f9-4b7c-ac60-f2f32a18ee32,/a3f5f3f5-3fb0-42ab-af90-24d91c0493d0/ss19kat_telemetry_js/js,Katsuta
186,0,0,0,0,,0,258,8.6,62.2454,25.99886,018,0,80,Competing,0,,1633272770100,ac8a498b-36b4-4b68-8fa4-45d70e0f84ff,082b95f7-a5f9-4b7c-ac60-f2f32a18ee32,/a3f5f3f5-3fb0-42ab-af90-24d91c0493d0/ss19kat_telemetry_js/js,Katsuta
187,0,0,0,0,,0,254,8.5,62.24568,26.00155,018,0,81,Competing,0,,1633272763700,ac8a498b-36b4-4b68-8fa4-45d70e0f84ff,082b95f7-a5f9-4b7c-ac60-f2f32a18ee32,/a3f5f3f5-3fb0-42ab-af90-24d91c0493d0/ss19kat_telemetry_js/js,Katsuta
188,0,0,0,0,,0,250,8.3,62.24605,26.00421,018,0,79,Competing,0,,1633272757300,ac8a498b-36b4-4b68-8fa4-45d70e0f84ff,082b95f7-a5f9-4b7c-ac60-f2f32a18ee32,/a3f5f3f5-3fb0-42ab-af90-24d91c0493d0/ss19kat_telemetry_js/js,Katsuta
189,0,0,0,0,,0,246,8.2,62.24649,26.00673,018,0,78,Competing,0,,1633272750900,ac8a498b-36b4-4b68-8fa4-45d70e0f84ff,082b95f7-a5f9-4b7c-ac60-f2f32a18ee32,/a3f5f3f5-3fb0-42ab-af90-24d91c0493d0/ss19kat_telemetry_js/js,Katsuta
190,0,0,0,0,,0,244,8.0,62.24701,26.00921,018,0,81,Competing,0,,1633272744500,ac8a498b-36b4-4b68-8fa4-45d70e0f84ff,082b95f7-a5f9-4b7c-ac60-f2f32a18ee32,/a3f5f3f5-3fb0-42ab-af90-24d91c0493d0/ss19kat_telemetry_js/js,Katsuta
191,0,0,0,0,,0,246,7.9,62.24754,26.01168,018,0,75,Competing,0,,1633272738100,ac8a498b-36b4-4b68-8fa4-45d70e0f84ff,082b95f7-a5f9-4b7c-ac60-f2f32a18ee32,/a3f5f3f5-3fb0-42ab-af90-24d91c0493d0/ss19kat_telemetry_js/js,Katsuta
192,0,0,0,0,,0,250,7.8,62.24799,26.01404,018,0,78,Competing,0,,1633272731700,ac8a498b-36b4-4b68-8fa4-45d70e0f84ff,082b95f7-a5f9-4b7c-ac60-f2f32a18ee32,/a3f5f3f5-3fb0-42ab-af90-24d91c0493d0/ss19kat_telemetry_js/js,Katsuta
193,0,0,0,0,,0,258,7.6,62.24832,26.01667,018,0,79,Competing,0,,1633272725300,ac8a498b-36b4-4b68-8fa4-45d70e0f84ff,082b95f7-a5f9-4b7c-ac60-f2f32a18ee32,/a3f5f3f5-3fb0-42ab-af90-24d91c0493d0/ss19kat_telemetry_js/js,Katsuta
194,0,0,0,0,,0,264,7.5,62.24851,26.01936,018,0,77,Competing,0,,1633272718900,ac8a498b-36b4-4b68-8fa4-45d70e0f84ff,082b95f7-a5f9-4b7c-ac60-f2f32a18ee32,/a3f5f3f5-3fb0-42ab-af90-24d91c0493d0/ss19kat_telemetry_js/js,Katsuta
195,0,0,0,0,,0,272,7.3,62.24855,26.02215,018,0,85,Competing,0,,1633272712500,ac8a498b-36b4-4b68-8fa4-45d70e0f84ff,082b95f7-a5f9-4b7c-ac60-f2f32a18ee32,/a3f5f3f5-3fb0-42ab-af90-24d91c0493d0/ss19kat_telemetry_js/js,Katsuta
196,0,0,0,0,,0,278,7.2,62.24842,26.02513,018,0,90,Competing,0,,1633272706100,ac8a498b-36b4-4b68-8fa4-45d70e0f84ff,082b95f7-a5f9-4b7c-ac60-f2f32a18ee32,/a3f5f3f5-3fb0-42ab-af90-24d91c0493d0/ss19kat_telemetry_js/js,Katsuta
197,0,0,0,0,,0,286,7.0,62.24809,26.02815,018,0,90,Competing,0,,1633272699700,ac8a498b-36b4-4b68-8fa4-45d70e0f84ff,082b95f7-a5f9-4b7c-ac60-f2f32a18ee32,/a3f5f3f5-3fb0-42ab-af90-24d91c0493d0/ss19kat_telemetry_js/js,Katsuta
198,0,0,0,0,,0,294,6.9,62.24757,26.03102,018,0,89,Competing,0,,1633272693300,ac8a498b-36b4-4b68-8fa4-45d70e0f84ff,082b95f7-a5f9-4b7c-ac60-f2f32a18ee32,/a3f5f3f5-3fb0-42ab-af90-24d91c0493d0/ss19kat_telemetry_js/js,Katsuta
199,0,0,0,0,,0,296,6.7,62.24696,26.03375,018,0,84,Competing,0,,1633272686900,ac8a498b-36b4-4b68-8fa4-45d70e0f84ff,082b95f7-a5f9-4b7c-ac60-f2f32a18ee32,/a3f5f3f5-3fb0-42ab-af90-24d91c0493d0/ss19kat_telemetry_js/js,Katsuta
200,0,0,0,0,,0,290,6.6,62.24644,26.03634,018,0,81,Competing,0,,1633272680500,ac8a498b-36b4-4b68-8fa4-45d70e0f84ff,082b95f7-a5f9-4b7c-ac60-f2f32a18ee32,/a3f5f3f5-3fb0-42ab-af90-24d91c0493d0/ss19kat_telemetry_js/js,Katsuta
201,0,0,0,0,,0,280,6.4,62.24609,26.039,018,0,79,Competing,0,,1633272674100,ac8a498b-36b4-4b68-8fa4-45d70e0f84ff,082b95f7-a5f9-4b7c-ac60-f2f32a18ee32,/a3f5f3f5-3fb0-42ab-af90-24d91c0493d0/ss19kat_telemetry_js/js,Katsuta
202,0,0,0,0,,0,272,6.3,62.24594,26.04168,018,0,79,Competing,0,,1633272667700,ac8a498b-36b4-4b68-8fa4-45d70e0f84ff,082b95f7-a5f9-4b7c-ac60-f2f32a18ee32,/a3f5f3f5-3fb0-42ab-af90-24d91c0493d0/ss19kat_telemetry_js/js,Katsuta
203,0,0,0,0,,0,264,6.1,62.24595,26.04443,018,0,82,Competing,0,,1633272661300,ac8a498b-36b4-4b68-8fa4-45d70e0f84ff,082b95f7-a5f9-4b7c-ac60-f2f32a18ee32,/a3f5f3f5-3fb0-42ab-af90-24d91c0493d0/ss19kat_telemetry_js/js,Katsuta
204,0,0,0,0,,0,256,6.0,62.24615,26.04721,018,0,81,Competing,0,,1633272654900,ac8a498b-36b4-4b68-8fa4-45d70e0f84ff,082b95f7-a5f9-4b7c-ac60-f2f32a18ee32,/a3f5f3f5-3fb0-42ab-af90-24d91c0493d0/ss19kat_telemetry_js/js,Katsuta
205,0,0,0,0,,0,248,5.8,62.24653,26.04983,018,0,79,Competing,0,,1633272648500,ac8a498b-36b4-4b68-8fa4-45d70e0f84ff,082b95f7-a5f9-4b7c-ac60-f2f32a18ee32,/a3f5f3f5-3fb0-42ab-af90-24d91c0493d0/ss19kat_telemetry_js/js,Katsuta
206,0,0,0,0,,0,240,5.7,62.24706,26.05226,018,0,78,Competing,0,,1633272642100,ac8a498b-36b4-4b68-8fa4-45d70e0f84ff,082b95f7-a5f9-4b7c-ac60-f2f32a18ee32,/a3f5f3f5-3fb0-42ab-af90-24d91c0493d0/ss19kat_telemetry_js/js,Katsuta
207,0,0,0,0,,0,232,5.6,62.24775,26.05448,018,0,78,Competing,0,,1633272635700,ac8a498b-36b4-4b68-8fa4-45d70e0f84ff,082b95f7-a5f9-4b7c-ac60-f2f32a18ee32,/a3f5f3f5-3fb0-42ab-af90-24d91c0493d0/ss19kat_telemetry_js/js,Katsuta
208,0,0,0,0,,0,224,5.4,62.24856,26.05646,018,0,75,Competing,0,,1633272629300,ac8a498b-36b4-4b68-8fa4-45d70e0f84ff,082b95f7-a5f9-4b7c-ac60-f2f32a18ee32,/a3f5f3f5-3fb0-42ab-af90-24d91c0493d0/ss19kat_telemetry_js/js,Katsuta
209,0,0,0,0,,0,218,5.3,62.24944,26.05815,018,0,71,Competing,0,,1633272622900,ac8a498b-36b4-4b68-8fa4-45d70e0f84ff,082b95f7-a5f9-4b7c-ac60-f2f32a18ee32,/a3f5f3f5-3fb0-42ab-af90-24d91c0493d0/ss19kat_telemetry_js/js,Katsuta
210,0,0,0,0,,0,220,5.2,62.2503,26.0597,018,0,70,Competing,0,,1633272616500,ac8a498b-36b4-4b68-8fa4-45d70e0f84ff,082b95f7-a5f9-4b7c-ac60-f2f32a18ee32,/a3f5f3f5-3fb0-42ab-af90-24d91c0493d0/ss19kat_telemetry_js/js,Katsuta
211,0,0,0,0,,0,226,5.1,62.25113,26.06133,018,0,71,Competing,0,,1633272610100,ac8a498b-36b4-4b68-8fa4-45d70e0f84ff,082b95f7-a5f9-4b7c-ac60-f2f32a18ee32,/a3f5f3f5-3fb0-42ab-af90-24d91c0493d0/ss19kat_telemetry_js/js,Katsuta
212,0,0,0,0,,0,232,4.9,62.2519,26.06327,018,0,77,Competing,0,,1633272603700,ac8a498b-36b4-4b68-8fa4-45d70e0f84ff,082b95f7-a5f9-4b7c-ac60-f2f32a18ee32,/a3f5f3f5-3fb0-42ab-af90-24d91c0493d0/ss19kat_telemetry_js/js,Katsuta
213,0,0,0,0,,0,240,4.8,62.25256,26.06546,018,0,75,Competing,0,,1633272597300,ac8a498b-36b4-4b68-8fa4-45d70e0f84ff,082b95f7-a5f9-4b7c-ac60-f2f32a18ee32,/a3f5f3f5-3fb0-42ab-af90-24d91c0493d0/ss19kat_telemetry_js/js,Katsuta
214,0,0,0,0,,0,248,4.6,62.25307,26.06774,018,0,74,Competing,0,,1633272590900,ac8a498b-36b4-4b68-8fa4-45d70e0f84ff,082b95f7-a5f9-4b7c-ac60-f2f32a18ee32,/a3f5f3f5-3fb0-42ab-af90-24d91c0493d0/ss19kat_telemetry_js/js,Katsuta
215,0,0,0,0,,0,256,4.5,62.25342,26.07017,018,0,76,Competing,0,,1633272584500,ac8a498b-36b4-4b68-8fa4-45d70e0f84ff,082b95f7-a5f9-4b7c-ac60-f2f32a18ee32,/a3f5f3f5-3fb0-42ab-af90-24d91c0493d0/ss19kat_telemetry_js/js,Katsuta
216,0,0,0,0,,0,264,4.4,62.25363,26.07269,018,0,75,Competing,0,,1633272578100,ac8a498b-36b4-4b68-8fa4-45d70e0f84ff,082b95f7-a5f9-4b7c-ac60-f2f32a18ee32,/a3f5f3f5-3fb0-42ab-af90-24d91c0493d0/ss19kat_telemetry_js/js,Katsuta
217,0,0,0,0,,0,270,4.2,62.25368,26.0753,018,0,74,Competing,0,,1633272571700,ac8a498b-36b4-4b68-8fa4-45d70e0f84ff,082b95f7-a5f9-4b7c-ac60-f2f32a18ee32,/a3f5f3f5-3fb0-42ab-af90-24d91c0493d0/ss19kat_telemetry_js/js,Katsuta
218,0,0,0,0,,0,278,4.1,62.25356,26.07785,018,0,77,Competing,0,,1633272565300,ac8a498b-36b4-4b68-8fa4-45d70e0f84ff,082b95f7-a5f9-4b7c-ac60-f2f32a18ee32,/a3f5f3f5-3fb0-42ab-af90-24d91c0493d0/ss19kat_telemetry_js/js,Katsuta
219,0,0,0,0,,0,278,4.0,62.25337,26.08043,018,0,73,Competing,0,,1633272558900,ac8a498b-36b4-4b68-8fa4-45d70e0f84ff,082b95f7-a5f9-4b7c-ac60-f2f32a18ee32,/a3f5f3f5-3fb0-42ab-af90-24d91c0493d0/ss19kat_telemetry_js/js,Katsuta
220,0,0,0,0,,0,278,3.8,62.25317,26.08286,018,0,71,Competing,0,,1633272552500,ac8a498b-36b4-4b68-8fa4-45d70e0f84ff,082b95f7-a5f9-4b7c-ac60-f2f32a18ee32,/a3f5f3f5-3fb0-42ab-af90-24d91c0493d0/ss19kat_telemetry_js/js,Katsuta
221,0,0,0,0,,0,276,3.7,62.25302,26.08524,018,0,70,Competing,0,,1633272546100,ac8a498b-36b4-4b68-8fa4-45d70e0f84ff,082b95f7-a5f9-4b7c-ac60-f2f32a18ee32,/a3f5f3f5-3fb0-42ab-af90-24d91c0493d0/ss19kat_telemetry_js/js,Katsuta
222,0,0,0,0,,0,274,3.6,62.25291,26.08755,018,0,61,Competing,0,,1633272539700,ac8a498b-36b4-4b68-8fa4-45d70e0f84ff,082b95f7-a5f9-4b7c-ac60-f2f32a18ee32,/a3f5f3f5-3fb0-42ab-af90-24d91c0493d0/ss19kat_telemetry_js/js,Katsuta
223,0,0,0,0,,0,272,3.5,62.25284,26.08958,018,0,56,Competing,0,,1633272533300,ac8a498b-36b4-4b68-8fa4-45d70e0f84ff,082b95f7-a5f9-4b7c-ac60-f2f32a18ee32,/a3f5f3f5-3fb0-42ab-af90-24d91c0493d0/ss19kat_telemetry_js/js,Katsuta
224,0,0,0,0,,0,270,3.4,62.25281,26.09189,018,0,80,Competing,0,,1633272526900,ac8a498b-36b4-4b68-8fa4-45d70e0f84ff,082b95f7-a5f9-4b7c-ac60-f2f32a18ee32,/a3f5f3f5-3fb0-42ab-af90-24d91c0493d0/ss19kat_telemetry_js/js,Katsuta
225,0,0,0,0,,0,268,3.2,62.25281,26.09466,018,0,79,Competing,0,,1633272520500,ac8a498b-36b4-4b68-8fa4-45d70e0f84ff,082b95f7-a5f9-4b7c-ac60-f2f32a18ee32,/a3f5f3f5-3fb0-42ab-af90-24d91c0493d0/ss19kat_telemetry_js/js,Katsuta
226,0,0,0,0,,0,268,3.1,62.25282,26.09719,018,0,69,Competing,0,,1633272514100,ac8a498b-36b4-4b68-8fa4-45d70e0f84ff,082b95f7-a5f9-4b7c-ac60-f2f32a18ee32,/a3f5f3f5-3fb0-42ab-af90-24d91c0493d0/ss19kat_telemetry_js/js,Katsuta
227,0,0,0,0,,0,268,3.0,62.25285,26.09948,018,0,64,Competing,0,,1633272507700,ac8a498b-36b4-4b68-8fa4-45d70e0f84ff,082b95f7-a5f9-4b7c-ac60-f2f32a18ee32,/a3f5f3f5-3fb0-42ab-af90-24d91c0493d0/ss19kat_telemetry_js/js,Katsuta
228,0,0,0,0,,0,274,2.9,62.25281,26.10168,018,0,67,Competing,0,,1633272501300,ac8a498b-36b4-4b68-8fa4-45d70e0f84ff,082b95f7-a5f9-4b7c-ac60-f2f32a18ee32,/a3f5f3f5-3fb0-42ab-af90-24d91c0493d0/ss19kat_telemetry_js/js,Katsuta
229,0,0,0,0,,0,276,2.7,62.2527,26.10401,018,0,66,Competing,0,,1633272494900,ac8a498b-36b4-4b68-8fa4-45d70e0f84ff,082b95f7-a5f9-4b7c-ac60-f2f32a18ee32,/a3f5f3f5-3fb0-42ab-af90-24d91c0493d0/ss19kat_telemetry_js/js,Katsuta
230,0,0,0,0,,0,280,2.6,62.25254,26.10629,018,0,70,Competing,0,,1633272488500,ac8a498b-36b4-4b68-8fa4-45d70e0f84ff,082b95f7-a5f9-4b7c-ac60-f2f32a18ee32,/a3f5f3f5-3fb0-42ab-af90-24d91c0493d0/ss19kat_telemetry_js/js,Katsuta
231,0,0,0,0,,0,284,2.5,62.25229,26.10867,018,0,73,Competing,0,,1633272482100,ac8a498b-36b4-4b68-8fa4-45d70e0f84ff,082b95f7-a5f9-4b7c-ac60-f2f32a18ee32,/a3f5f3f5-3fb0-42ab-af90-24d91c0493d0/ss19kat_telemetry_js/js,Katsuta
232,0,0,0,0,,0,286,2.4,62.25198,26.11103,018,0,72,Competing,0,,1633272475700,ac8a498b-36b4-4b68-8fa4-45d70e0f84ff,082b95f7-a5f9-4b7c-ac60-f2f32a18ee32,/a3f5f3f5-3fb0-42ab-af90-24d91c0493d0/ss19kat_telemetry_js/js,Katsuta
233,0,0,0,0,,0,286,2.2,62.25161,26.11366,018,0,83,Competing,0,,1633272469300,ac8a498b-36b4-4b68-8fa4-45d70e0f84ff,082b95f7-a5f9-4b7c-ac60-f2f32a18ee32,/a3f5f3f5-3fb0-42ab-af90-24d91c0493d0/ss19kat_telemetry_js/js,Katsuta
234,0,0,0,0,,0,280,2.1,62.2513,26.11642,018,0,81,Competing,0,,1633272462900,ac8a498b-36b4-4b68-8fa4-45d70e0f84ff,082b95f7-a5f9-4b7c-ac60-f2f32a18ee32,/a3f5f3f5-3fb0-42ab-af90-24d91c0493d0/ss19kat_telemetry_js/js,Katsuta
235,0,0,0,0,,0,276,1.9,62.25112,26.11912,018,0,78,Competing,0,,1633272456500,ac8a498b-36b4-4b68-8fa4-45d70e0f84ff,082b95f7-a5f9-4b7c-ac60-f2f32a18ee32,/a3f5f3f5-3fb0-42ab-af90-24d91c0493d0/ss19kat_telemetry_js/js,Katsuta
236,0,0,0,0,,0,284,1.8,62.2509,26.12168,018,0,72,Competing,0,,1633272450100,ac8a498b-36b4-4b68-8fa4-45d70e0f84ff,082b95f7-a5f9-4b7c-ac60-f2f32a18ee32,/a3f5f3f5-3fb0-42ab-af90-24d91c0493d0/ss19kat_telemetry_js/js,Katsuta
237,0,0,0,0,,0,296,1.7,62.25051,26.12388,018,0,67,Competing,0,,1633272443700,ac8a498b-36b4-4b68-8fa4-45d70e0f84ff,082b95f7-a5f9-4b7c-ac60-f2f32a18ee32,/a3f5f3f5-3fb0-42ab-af90-24d91c0493d0/ss19kat_telemetry_js/js,Katsuta
238,0,0,0,0,,0,304,1.6,62.24998,26.12579,018,0,60,Competing,0,,1633272437300,ac8a498b-36b4-4b68-8fa4-45d70e0f84ff,082b95f7-a5f9-4b7c-ac60-f2f32a18ee32,/a3f5f3f5-3fb0-42ab-af90-24d91c0493d0/ss19kat_telemetry_js/js,Katsuta
239,0,0,0,0,,0,312,1.5,62.24939,26.12733,018,0,53,Competing,0,,1633272430900,ac8a498b-36b4-4b68-8fa4-45d70e0f84ff,082b95f7-a5f9-4b7c-ac60-f2f32a18ee32,/a3f5f3f5-3fb0-42ab-af90-24d91c0493d0/ss19kat_telemetry_js/js,Katsuta
240,0,0,0,0,,0,314,1.4,62.24884,26.12854,018,0,45,Competing,0,,1633272424500,ac8a498b-36b4-4b68-8fa4-45d70e0f84ff,082b95f7-a5f9-4b7c-ac60-f2f32a18ee32,/a3f5f3f5-3fb0-42ab-af90-24d91c0493d0/ss19kat_telemetry_js/js,Katsuta
241,0,0,0,0,,0,312,1.3,62.24833,26.12967,018,0,44,Competing,0,,1633272418100,ac8a498b-36b4-4b68-8fa4-45d70e0f84ff,082b95f7-a5f9-4b7c-ac60-f2f32a18ee32,/a3f5f3f5-3fb0-42ab-af90-24d91c0493d0/ss19kat_telemetry_js/js,Katsuta
242,0,0,0,0,,0,306,1.2,62.24789,26.13077,018,0,39,Competing,0,,1633272411700,ac8a498b-36b4-4b68-8fa4-45d70e0f84ff,082b95f7-a5f9-4b7c-ac60-f2f32a18ee32,/a3f5f3f5-3fb0-42ab-af90-24d91c0493d0/ss19kat_telemetry_js/js,Katsuta
243,0,0,0,0,,0,300,1.1,62.24733,26.13262,018,0,25,Competing,0,,1633272398900,ac8a498b-36b4-4b68-8fa4-45d70e0f84ff,082b95f7-a5f9-4b7c-ac60-f2f32a18ee32,/a3f5f3f5-3fb0-42ab-af90-24d91c0493d0/ss19kat_telemetry_js/js,Katsuta
244,0,0,0,0,,0,296,1.1,62.24714,26.13335,018,0,21,Competing,0,,1633272392500,ac8a498b-36b4-4b68-8fa4-45d70e0f84ff,082b95f7-a5f9-4b7c-ac60-f2f32a18ee32,/a3f5f3f5-3fb0-42ab-af90-24d91c0493d0/ss19kat_telemetry_js/js,Katsuta
245,0,0,0,0,,0,296,1.0,62.247,26.13398,018,0,13,Competing,0,,1633272386100,ac8a498b-36b4-4b68-8fa4-45d70e0f84ff,082b95f7-a5f9-4b7c-ac60-f2f32a18ee32,/a3f5f3f5-3fb0-42ab-af90-24d91c0493d0/ss19kat_telemetry_js/js,Katsuta
246,0,0,0,0,,0,294,1.0,62.24692,26.13429,018,0,21,Competing,0,,1633272379700,ac8a498b-36b4-4b68-8fa4-45d70e0f84ff,082b95f7-a5f9-4b7c-ac60-f2f32a18ee32,/a3f5f3f5-3fb0-42ab-af90-24d91c0493d0/ss19kat_telemetry_js/js,Katsuta
247,0,0,0,0,,0,288,0.9,62.24669,26.13553,018,0,49,Competing,0,,1633272373300,ac8a498b-36b4-4b68-8fa4-45d70e0f84ff,082b95f7-a5f9-4b7c-ac60-f2f32a18ee32,/a3f5f3f5-3fb0-42ab-af90-24d91c0493d0/ss19kat_telemetry_js/js,Katsuta
248,0,0,0,0,,0,282,0.8,62.24647,26.13726,018,0,42,Competing,0,,1633272366900,ac8a498b-36b4-4b68-8fa4-45d70e0f84ff,082b95f7-a5f9-4b7c-ac60-f2f32a18ee32,/a3f5f3f5-3fb0-42ab-af90-24d91c0493d0/ss19kat_telemetry_js/js,Katsuta
249,0,0,0,0,,0,280,0.8,62.24635,26.13842,018,0,32,Competing,0,,1633272360500,ac8a498b-36b4-4b68-8fa4-45d70e0f84ff,082b95f7-a5f9-4b7c-ac60-f2f32a18ee32,/a3f5f3f5-3fb0-42ab-af90-24d91c0493d0/ss19kat_telemetry_js/js,Katsuta
250,0,0,0,0,,0,272,0.7,62.2463,26.13942,018,0,27,Competing,0,,1633272354100,ac8a498b-36b4-4b68-8fa4-45d70e0f84ff,082b95f7-a5f9-4b7c-ac60-f2f32a18ee32,/a3f5f3f5-3fb0-42ab-af90-24d91c0493d0/ss19kat_telemetry_js/js,Katsuta
251,0,0,0,0,,0,314,0.7,62.24626,26.14033,018,0,21,Competing,0,,1633272347700,ac8a498b-36b4-4b68-8fa4-45d70e0f84ff,082b95f7-a5f9-4b7c-ac60-f2f32a18ee32,/a3f5f3f5-3fb0-42ab-af90-24d91c0493d0/ss19kat_telemetry_js/js,Katsuta
252,0,0,0,0,,0,280,0.6,62.24596,26.14067,018,0,28,Competing,0,,1633272341300,ac8a498b-36b4-4b68-8fa4-45d70e0f84ff,082b95f7-a5f9-4b7c-ac60-f2f32a18ee32,/a3f5f3f5-3fb0-42ab-af90-24d91c0493d0/ss19kat_telemetry_js/js,Katsuta
253,0,0,0,0,,0,276,0.6,62.246,26.14175,018,0,28,Competing,0,,1633272334900,ac8a498b-36b4-4b68-8fa4-45d70e0f84ff,082b95f7-a5f9-4b7c-ac60-f2f32a18ee32,/a3f5f3f5-3fb0-42ab-af90-24d91c0493d0/ss19kat_telemetry_js/js,Katsuta
254,0,0,0,0,,0,352,0.5,62.2456,26.14219,018,0,34,Competing,0,,1633272328500,ac8a498b-36b4-4b68-8fa4-45d70e0f84ff,082b95f7-a5f9-4b7c-ac60-f2f32a18ee32,/a3f5f3f5-3fb0-42ab-af90-24d91c0493d0/ss19kat_telemetry_js/js,Katsuta
255,0,0,0,0,,0,346,0.5,62.24504,26.14222,018,0,34,Competing,0,,1633272322100,ac8a498b-36b4-4b68-8fa4-45d70e0f84ff,082b95f7-a5f9-4b7c-ac60-f2f32a18ee32,/a3f5f3f5-3fb0-42ab-af90-24d91c0493d0/ss19kat_telemetry_js/js,Katsuta
256,0,0,0,0,,0,314,0.4,62.24457,26.14254,018,0,24,Competing,0,,1633272315700,ac8a498b-36b4-4b68-8fa4-45d70e0f84ff,082b95f7-a5f9-4b7c-ac60-f2f32a18ee32,/a3f5f3f5-3fb0-42ab-af90-24d91c0493d0/ss19kat_telemetry_js/js,Katsuta
257,0,0,0,0,,0,252,0.4,62.24449,26.14319,018,0,26,Competing,0,,1633272309300,ac8a498b-36b4-4b68-8fa4-45d70e0f84ff,082b95f7-a5f9-4b7c-ac60-f2f32a18ee32,/a3f5f3f5-3fb0-42ab-af90-24d91c0493d0/ss19kat_telemetry_js/js,Katsuta
258,0,0,0,0,,0,252,0.3,62.24462,26.14414,018,0,35,Competing,0,,1633272302900,ac8a498b-36b4-4b68-8fa4-45d70e0f84ff,082b95f7-a5f9-4b7c-ac60-f2f32a18ee32,/a3f5f3f5-3fb0-42ab-af90-24d91c0493d0/ss19kat_telemetry_js/js,Katsuta
259,0,0,0,0,,0,252,0.3,62.2448,26.1454,018,0,37,Competing,0,,1633272296500,ac8a498b-36b4-4b68-8fa4-45d70e0f84ff,082b95f7-a5f9-4b7c-ac60-f2f32a18ee32,/a3f5f3f5-3fb0-42ab-af90-24d91c0493d0/ss19kat_telemetry_js/js,Katsuta
260,0,0,0,0,,0,262,0.2,62.24493,26.14663,018,0,34,Competing,0,,1633272290100,ac8a498b-36b4-4b68-8fa4-45d70e0f84ff,082b95f7-a5f9-4b7c-ac60-f2f32a18ee32,/a3f5f3f5-3fb0-42ab-af90-24d91c0493d0/ss19kat_telemetry_js/js,Katsuta
261,0,0,0,0,,0,256,0.1,62.24507,26.14775,018,0,32,Competing,0,,1633272283700,ac8a498b-36b4-4b68-8fa4-45d70e0f84ff,082b95f7-a5f9-4b7c-ac60-f2f32a18ee32,/a3f5f3f5-3fb0-42ab-af90-24d91c0493d0/ss19kat_telemetry_js/js,Katsuta
262,0,0,0,0,,0,260,0.1,62.24516,26.14885,018,0,31,Competing,0,,1633272277300,ac8a498b-36b4-4b68-8fa4-45d70e0f84ff,082b95f7-a5f9-4b7c-ac60-f2f32a18ee32,/a3f5f3f5-3fb0-42ab-af90-24d91c0493d0/ss19kat_telemetry_js/js,Katsuta
263,0,0,0,0,,0,266,0.0,62.24524,26.14984,018,0,24,Competing,0,,1633272270900,ac8a498b-36b4-4b68-8fa4-45d70e0f84ff,082b95f7-a5f9-4b7c-ac60-f2f32a18ee32,/a3f5f3f5-3fb0-42ab-af90-24d91c0493d0/ss19kat_telemetry_js/js,Katsuta
264,0,0,0,0,,0,300,0.0,62.24521,26.15062,018,0,9,Competing,0,,1633272264500,ac8a498b-36b4-4b68-8fa4-45d70e0f84ff,082b95f7-a5f9-4b7c-ac60-f2f32a18ee32,/a3f5f3f5-3fb0-42ab-af90-24d91c0493d0/ss19kat_telemetry_js/js,Katsuta
265,0,0,0,0,,0,330,0.0,62.24517,26.15073,018,0,0,Competing,0,,1633272258100,ac8a498b-36b4-4b68-8fa4-45d70e0f84ff,082b95f7-a5f9-4b7c-ac60-f2f32a18ee32,/a3f5f3f5-3fb0-42ab-af90-24d91c0493d0/ss19kat_telemetry_js/js,Katsuta
266,0,0,0,0,,0,326,0.0,62.24517,26.15073,018,0,0,Competing,0,,1633272251700,ac8a498b-36b4-4b68-8fa4-45d70e0f84ff,082b95f7-a5f9-4b7c-ac60-f2f32a18ee32,/a3f5f3f5-3fb0-42ab-af90-24d91c0493d0/ss19kat_telemetry_js/js,Katsuta
267,0,0,0,0,,0,324,0.0,62.24517,26.15073,018,0,0,Competing,0,,1633272245300,ac8a498b-36b4-4b68-8fa4-45d70e0f84ff,082b95f7-a5f9-4b7c-ac60-f2f32a18ee32,/a3f5f3f5-3fb0-42ab-af90-24d91c0493d0/ss19kat_telemetry_js/js,Katsuta
268,0,0,0,0,,0,310,0.0,62.24517,26.15072,018,0,0,Competing,0,,1633272238900,ac8a498b-36b4-4b68-8fa4-45d70e0f84ff,082b95f7-a5f9-4b7c-ac60-f2f32a18ee32,/a3f5f3f5-3fb0-42ab-af90-24d91c0493d0/ss19kat_telemetry_js/js,Katsuta
269,0,0,0,0,,0,342,0.0,62.24507,26.15087,018,0,18,Competing,0,,1633272232500,ac8a498b-36b4-4b68-8fa4-45d70e0f84ff,082b95f7-a5f9-4b7c-ac60-f2f32a18ee32,/a3f5f3f5-3fb0-42ab-af90-24d91c0493d0/ss19kat_telemetry_js/js,Katsuta
270,0,0,0,0,,0,348,0.0,62.24495,26.15094,018,0,0,Competing,0,,1633272219700,ac8a498b-36b4-4b68-8fa4-45d70e0f84ff,082b95f7-a5f9-4b7c-ac60-f2f32a18ee32,/a3f5f3f5-3fb0-42ab-af90-24d91c0493d0/ss19kat_telemetry_js/js,Katsuta
271,0,0,0,0,,0,298,0.6,62.2448,26.15127,018,0,7,Competing,0,,1633272206900,ac8a498b-36b4-4b68-8fa4-45d70e0f84ff,082b95f7-a5f9-4b7c-ac60-f2f32a18ee32,/a3f5f3f5-3fb0-42ab-af90-24d91c0493d0/ss19kat_telemetry_js/js,Katsuta
272,0,0,0,0,,0,300,0.6,62.24478,26.15133,018,0,0,Competing,0,,1633272200500,ac8a498b-36b4-4b68-8fa4-45d70e0f84ff,082b95f7-a5f9-4b7c-ac60-f2f32a18ee32,/a3f5f3f5-3fb0-42ab-af90-24d91c0493d0/ss19kat_telemetry_js/js,Katsuta
273,0,0,0,0,,0,50,0.5,62.24402,26.15115,018,0,35,Competing,0,,1633272181300,ac8a498b-36b4-4b68-8fa4-45d70e0f84ff,082b95f7-a5f9-4b7c-ac60-f2f32a18ee32,/a3f5f3f5-3fb0-42ab-af90-24d91c0493d0/ss19kat_telemetry_js/js,Katsuta
274,0,0,0,0,,0,110,0.4,62.24368,26.14901,018,0,15,Competing,0,,1633272168500,ac8a498b-36b4-4b68-8fa4-45d70e0f84ff,082b95f7-a5f9-4b7c-ac60-f2f32a18ee32,/a3f5f3f5-3fb0-42ab-af90-24d91c0493d0/ss19kat_telemetry_js/js,Katsuta
275,0,0,0,0,,0,70,0.4,62.24379,26.14854,018,0,17,Competing,0,,1633272162100,ac8a498b-36b4-4b68-8fa4-45d70e0f84ff,082b95f7-a5f9-4b7c-ac60-f2f32a18ee32,/a3f5f3f5-3fb0-42ab-af90-24d91c0493d0/ss19kat_telemetry_js/js,Katsuta
276,0,0,0,0,,0,6,0.4,62.24369,26.14818,018,0,9,Competing,0,,1633272155700,ac8a498b-36b4-4b68-8fa4-45d70e0f84ff,082b95f7-a5f9-4b7c-ac60-f2f32a18ee32,/a3f5f3f5-3fb0-42ab-af90-24d91c0493d0/ss19kat_telemetry_js/js,Katsuta
277,0,0,0,0,,0,348,0.3,62.24354,26.14823,018,0,2,Competing,0,,1633272149300,ac8a498b-36b4-4b68-8fa4-45d70e0f84ff,082b95f7-a5f9-4b7c-ac60-f2f32a18ee32,/a3f5f3f5-3fb0-42ab-af90-24d91c0493d0/ss19kat_telemetry_js/js,Katsuta
278,0,0,0,0,,0,350,0.3,62.24353,26.14823,018,0,0,Competing,0,,1633272142900,ac8a498b-36b4-4b68-8fa4-45d70e0f84ff,082b95f7-a5f9-4b7c-ac60-f2f32a18ee32,/a3f5f3f5-3fb0-42ab-af90-24d91c0493d0/ss19kat_telemetry_js/js,Katsuta
279,0,0,0,0,,0,346,0.3,62.24353,26.14823,018,0,0,Competing,0,,1633272136500,ac8a498b-36b4-4b68-8fa4-45d70e0f84ff,082b95f7-a5f9-4b7c-ac60-f2f32a18ee32,/a3f5f3f5-3fb0-42ab-af90-24d91c0493d0/ss19kat_telemetry_js/js,Katsuta
280,0,0,0,0,,0,344,0.3,62.24353,26.14823,018,0,0,Competing,0,,1633272130100,ac8a498b-36b4-4b68-8fa4-45d70e0f84ff,082b95f7-a5f9-4b7c-ac60-f2f32a18ee32,/a3f5f3f5-3fb0-42ab-af90-24d91c0493d0/ss19kat_telemetry_js/js,Katsuta
281,0,0,0,0,,0,344,0.3,62.24353,26.14823,018,0,0,Competing,0,,1633272123700,ac8a498b-36b4-4b68-8fa4-45d70e0f84ff,082b95f7-a5f9-4b7c-ac60-f2f32a18ee32,/a3f5f3f5-3fb0-42ab-af90-24d91c0493d0/ss19kat_telemetry_js/js,Katsuta
282,0,0,0,0,,0,344,0.3,62.24351,26.14824,018,0,9,Competing,0,,1633272117300,ac8a498b-36b4-4b68-8fa4-45d70e0f84ff,082b95f7-a5f9-4b7c-ac60-f2f32a18ee32,/a3f5f3f5-3fb0-42ab-af90-24d91c0493d0/ss19kat_telemetry_js/js,Katsuta
283,0,0,0,0,,0,350,0.3,62.2434,26.1483,018,0,0,Competing,0,,1633272110900,ac8a498b-36b4-4b68-8fa4-45d70e0f84ff,082b95f7-a5f9-4b7c-ac60-f2f32a18ee32,/a3f5f3f5-3fb0-42ab-af90-24d91c0493d0/ss19kat_telemetry_js/js,Katsuta
284,0,0,0,0,,0,350,0.3,62.2434,26.1483,018,0,0,Competing,0,,1633272104500,ac8a498b-36b4-4b68-8fa4-45d70e0f84ff,082b95f7-a5f9-4b7c-ac60-f2f32a18ee32,/a3f5f3f5-3fb0-42ab-af90-24d91c0493d0/ss19kat_telemetry_js/js,Katsuta
285,0,0,0,0,,0,350,0.3,62.24341,26.1483,018,0,0,Competing,0,,1633272098100,ac8a498b-36b4-4b68-8fa4-45d70e0f84ff,082b95f7-a5f9-4b7c-ac60-f2f32a18ee32,/a3f5f3f5-3fb0-42ab-af90-24d91c0493d0/ss19kat_telemetry_js/js,Katsuta
286,0,0,0,0,,0,350,0.3,62.24341,26.1483,018,0,0,Competing,0,,1633272091700,ac8a498b-36b4-4b68-8fa4-45d70e0f84ff,082b95f7-a5f9-4b7c-ac60-f2f32a18ee32,/a3f5f3f5-3fb0-42ab-af90-24d91c0493d0/ss19kat_telemetry_js/js,Katsuta
287,0,0,0,0,,0,350,0.3,62.24341,26.1483,018,0,0,Competing,0,,1633272086500,ac8a498b-36b4-4b68-8fa4-45d70e0f84ff,082b95f7-a5f9-4b7c-ac60-f2f32a18ee32,/a3f5f3f5-3fb0-42ab-af90-24d91c0493d0/ss19kat_telemetry_js/js,Katsuta
288,0,0,0,0,,0,198,0.2,62.24391,26.14954,018,0,4,Competing,0,,1633271994900,ac8a498b-36b4-4b68-8fa4-45d70e0f84ff,082b95f7-a5f9-4b7c-ac60-f2f32a18ee32,/a3f5f3f5-3fb0-42ab-af90-24d91c0493d0/ss19kat_telemetry_js/js,Katsuta
289,0,0,0,0,,0,14,0.2,62.24392,26.14955,018,0,0,Competing,0,,1633269499100,ac8a498b-36b4-4b68-8fa4-45d70e0f84ff,082b95f7-a5f9-4b7c-ac60-f2f32a18ee32,/a3f5f3f5-3fb0-42ab-af90-24d91c0493d0/ss19kat_telemetry_js/js,Katsuta
290,0,0,0,0,,0,48,0.2,62.24391,26.14955,018,0,0,Competing,0,,1633269460700,ac8a498b-36b4-4b68-8fa4-45d70e0f84ff,082b95f7-a5f9-4b7c-ac60-f2f32a18ee32,/a3f5f3f5-3fb0-42ab-af90-24d91c0493d0/ss19kat_telemetry_js/js,Katsuta
291,0,0,0,0,,0,18,0.2,62.24391,26.14955,018,0,0,Competing,0,,1633269422300,ac8a498b-36b4-4b68-8fa4-45d70e0f84ff,082b95f7-a5f9-4b7c-ac60-f2f32a18ee32,/a3f5f3f5-3fb0-42ab-af90-24d91c0493d0/ss19kat_telemetry_js/js,Katsuta
292,0,0,0,0,,0,358,0.2,62.24391,26.14955,018,0,0,Competing,0,,1633269409500,ac8a498b-36b4-4b68-8fa4-45d70e0f84ff,082b95f7-a5f9-4b7c-ac60-f2f32a18ee32,/a3f5f3f5-3fb0-42ab-af90-24d91c0493d0/ss19kat_telemetry_js/js,Katsuta
293,0,0,0,0,,0,356,0.2,62.24392,26.14955,018,0,0,Competing,0,,1633269396700,ac8a498b-36b4-4b68-8fa4-45d70e0f84ff,082b95f7-a5f9-4b7c-ac60-f2f32a18ee32,/a3f5f3f5-3fb0-42ab-af90-24d91c0493d0/ss19kat_telemetry_js/js,Katsuta
294,0,0,0,0,,0,344,0.2,62.24391,26.14955,018,0,0,Competing,0,,1633269383900,ac8a498b-36b4-4b68-8fa4-45d70e0f84ff,082b95f7-a5f9-4b7c-ac60-f2f32a18ee32,/a3f5f3f5-3fb0-42ab-af90-24d91c0493d0/ss19kat_telemetry_js/js,Katsuta
295,0,0,0,0,,0,342,0.2,62.24391,26.14955,018,0,0,Competing,0,,1633269371100,ac8a498b-36b4-4b68-8fa4-45d70e0f84ff,082b95f7-a5f9-4b7c-ac60-f2f32a18ee32,/a3f5f3f5-3fb0-42ab-af90-24d91c0493d0/ss19kat_telemetry_js/js,Katsuta
296,0,0,0,0,,0,18,0.2,62.24391,26.14956,018,0,0,Competing,0,,1633269332700,ac8a498b-36b4-4b68-8fa4-45d70e0f84ff,082b95f7-a5f9-4b7c-ac60-f2f32a18ee32,/a3f5f3f5-3fb0-42ab-af90-24d91c0493d0/ss19kat_telemetry_js/js,Katsuta
297,0,0,0,0,,0,18,0.2,62.24391,26.14956,018,0,0,Competing,0,,1633269319900,ac8a498b-36b4-4b68-8fa4-45d70e0f84ff,082b95f7-a5f9-4b7c-ac60-f2f32a18ee32,/a3f5f3f5-3fb0-42ab-af90-24d91c0493d0/ss19kat_telemetry_js/js,Katsuta
298,0,0,0,0,,0,8,0.2,62.24391,26.14956,018,0,0,Competing,0,,1633269307100,ac8a498b-36b4-4b68-8fa4-45d70e0f84ff,082b95f7-a5f9-4b7c-ac60-f2f32a18ee32,/a3f5f3f5-3fb0-42ab-af90-24d91c0493d0/ss19kat_telemetry_js/js,Katsuta
299,0,0,0,0,,0,4,0.2,62.24391,26.14956,018,0,0,Competing,0,,1633269294300,ac8a498b-36b4-4b68-8fa4-45d70e0f84ff,082b95f7-a5f9-4b7c-ac60-f2f32a18ee32,/a3f5f3f5-3fb0-42ab-af90-24d91c0493d0/ss19kat_telemetry_js/js,Katsuta
300,0,0,0,0,,0,0,0.2,62.24391,26.14956,018,0,0,Competing,0,,1633269281500,ac8a498b-36b4-4b68-8fa4-45d70e0f84ff,082b95f7-a5f9-4b7c-ac60-f2f32a18ee32,/a3f5f3f5-3fb0-42ab-af90-24d91c0493d0/ss19kat_telemetry_js/js,Katsuta
301,0,0,0,0,,0,356,0.2,62.24391,26.14956,018,0,0,Competing,0,,1633269268700,ac8a498b-36b4-4b68-8fa4-45d70e0f84ff,082b95f7-a5f9-4b7c-ac60-f2f32a18ee32,/a3f5f3f5-3fb0-42ab-af90-24d91c0493d0/ss19kat_telemetry_js/js,Katsuta
302,0,0,0,0,,0,10,0.2,62.24391,26.14956,018,0,0,Competing,0,,1633269255900,ac8a498b-36b4-4b68-8fa4-45d70e0f84ff,082b95f7-a5f9-4b7c-ac60-f2f32a18ee32,/a3f5f3f5-3fb0-42ab-af90-24d91c0493d0/ss19kat_telemetry_js/js,Katsuta
303,0,0,0,0,,0,358,0.2,62.24391,26.14956,018,0,0,Competing,0,,1633269243100,ac8a498b-36b4-4b68-8fa4-45d70e0f84ff,082b95f7-a5f9-4b7c-ac60-f2f32a18ee32,/a3f5f3f5-3fb0-42ab-af90-24d91c0493d0/ss19kat_telemetry_js/js,Katsuta
304,0,0,0,0,,0,20,0.2,62.24391,26.14956,018,0,0,Competing,0,,1633269230300,ac8a498b-36b4-4b68-8fa4-45d70e0f84ff,082b95f7-a5f9-4b7c-ac60-f2f32a18ee32,/a3f5f3f5-3fb0-42ab-af90-24d91c0493d0/ss19kat_telemetry_js/js,Katsuta
305,0,0,0,0,,0,6,0.2,62.24391,26.14956,018,0,0,Competing,0,,1633269217500,ac8a498b-36b4-4b68-8fa4-45d70e0f84ff,082b95f7-a5f9-4b7c-ac60-f2f32a18ee32,/a3f5f3f5-3fb0-42ab-af90-24d91c0493d0/ss19kat_telemetry_js/js,Katsuta
306,0,0,0,0,,0,344,0.2,62.24391,26.14956,018,0,0,Competing,0,,1633269204700,ac8a498b-36b4-4b68-8fa4-45d70e0f84ff,082b95f7-a5f9-4b7c-ac60-f2f32a18ee32,/a3f5f3f5-3fb0-42ab-af90-24d91c0493d0/ss19kat_telemetry_js/js,Katsuta
307,0,0,0,0,,0,48,0.2,62.24391,26.14957,018,0,0,Competing,0,,1633269140700,ac8a498b-36b4-4b68-8fa4-45d70e0f84ff,082b95f7-a5f9-4b7c-ac60-f2f32a18ee32,/a3f5f3f5-3fb0-42ab-af90-24d91c0493d0/ss19kat_telemetry_js/js,Katsuta
308,0,0,0,0,,0,48,0.2,62.24391,26.14957,018,0,0,Competing,0,,1633269139000,ac8a498b-36b4-4b68-8fa4-45d70e0f84ff,082b95f7-a5f9-4b7c-ac60-f2f32a18ee32,/a3f5f3f5-3fb0-42ab-af90-24d91c0493d0/ss19kat_telemetry_js/js,Katsuta
309,0,0,0,0,,0,42,0.2,62.24391,26.14957,018,0,0,Competing,0,,1633269127900,ac8a498b-36b4-4b68-8fa4-45d70e0f84ff,082b95f7-a5f9-4b7c-ac60-f2f32a18ee32,/a3f5f3f5-3fb0-42ab-af90-24d91c0493d0/ss19kat_telemetry_js/js,Katsuta
310,0,0,0,0,,0,38,0.2,62.24391,26.14957,018,0,0,Competing,0,,1633269102300,ac8a498b-36b4-4b68-8fa4-45d70e0f84ff,082b95f7-a5f9-4b7c-ac60-f2f32a18ee32,/a3f5f3f5-3fb0-42ab-af90-24d91c0493d0/ss19kat_telemetry_js/js,Katsuta
311,0,0,0,0,,0,50,0.2,62.2439,26.14955,018,0,0,Competing,0,,1633269051100,ac8a498b-36b4-4b68-8fa4-45d70e0f84ff,082b95f7-a5f9-4b7c-ac60-f2f32a18ee32,/a3f5f3f5-3fb0-42ab-af90-24d91c0493d0/ss19kat_telemetry_js/js,Katsuta
312,0,0,0,0,,0,40,0.2,62.2439,26.14953,018,0,0,Competing,0,,1633269038300,ac8a498b-36b4-4b68-8fa4-45d70e0f84ff,082b95f7-a5f9-4b7c-ac60-f2f32a18ee32,/a3f5f3f5-3fb0-42ab-af90-24d91c0493d0/ss19kat_telemetry_js/js,Katsuta
313,0,0,0,0,,0,10,0.2,62.2439,26.14952,018,0,0,Competing,0,,1633269025500,ac8a498b-36b4-4b68-8fa4-45d70e0f84ff,082b95f7-a5f9-4b7c-ac60-f2f32a18ee32,/a3f5f3f5-3fb0-42ab-af90-24d91c0493d0/ss19kat_telemetry_js/js,Katsuta
314,0,0,0,0,,0,220,0.2,62.24389,26.1495,018,0,0,Competing,0,,1633269012700,ac8a498b-36b4-4b68-8fa4-45d70e0f84ff,082b95f7-a5f9-4b7c-ac60-f2f32a18ee32,/a3f5f3f5-3fb0-42ab-af90-24d91c0493d0/ss19kat_telemetry_js/js,Katsuta
315,0,0,0,0,,0,228,0.1,62.24398,26.15078,018,0,27,Competing,0,,1633268999900,ac8a498b-36b4-4b68-8fa4-45d70e0f84ff,082b95f7-a5f9-4b7c-ac60-f2f32a18ee32,/a3f5f3f5-3fb0-42ab-af90-24d91c0493d0/ss19kat_telemetry_js/js,Katsuta
316,0,0,0,0,,0,80,11.4,62.24464,26.14978,018,0,46,Competing,0,,1633268983600,ac8a498b-36b4-4b68-8fa4-45d70e0f84ff,082b95f7-a5f9-4b7c-ac60-f2f32a18ee32,/a3f5f3f5-3fb0-42ab-af90-24d91c0493d0/ss19kat_telemetry_js/js,Katsuta
317,0,0,0,0,,0,136,11.3,62.24457,26.14863,018,0,0,Competing,0,,1633268935900,ac8a498b-36b4-4b68-8fa4-45d70e0f84ff,082b95f7-a5f9-4b7c-ac60-f2f32a18ee32,/a3f5f3f5-3fb0-42ab-af90-24d91c0493d0/ss19kat_telemetry_js/js,Katsuta
318,0,0,0,0,,0,94,11.3,62.24458,26.14863,018,0,0,Competing,0,,1633268910300,ac8a498b-36b4-4b68-8fa4-45d70e0f84ff,082b95f7-a5f9-4b7c-ac60-f2f32a18ee32,/a3f5f3f5-3fb0-42ab-af90-24d91c0493d0/ss19kat_telemetry_js/js,Katsuta
319,0,0,0,0,,0,98,11.3,62.24458,26.14863,018,0,0,Competing,0,,1633268897500,ac8a498b-36b4-4b68-8fa4-45d70e0f84ff,082b95f7-a5f9-4b7c-ac60-f2f32a18ee32,/a3f5f3f5-3fb0-42ab-af90-24d91c0493d0/ss19kat_telemetry_js/js,Katsuta
320,0,0,0,0,,0,90,11.3,62.24458,26.14863,018,0,0,Competing,0,,1633268871900,ac8a498b-36b4-4b68-8fa4-45d70e0f84ff,082b95f7-a5f9-4b7c-ac60-f2f32a18ee32,/a3f5f3f5-3fb0-42ab-af90-24d91c0493d0/ss19kat_telemetry_js/js,Katsuta
321,0,0,0,0,,0,78,11.3,62.24453,26.14791,018,0,28,Competing,0,,1633268859100,ac8a498b-36b4-4b68-8fa4-45d70e0f84ff,082b95f7-a5f9-4b7c-ac60-f2f32a18ee32,/a3f5f3f5-3fb0-42ab-af90-24d91c0493d0/ss19kat_telemetry_js/js,Katsuta
322,0,0,0,0,,0,358,11.0,62.243,26.14716,018,0,165,Competing,0,,1633268846300,ac8a498b-36b4-4b68-8fa4-45d70e0f84ff,082b95f7-a5f9-4b7c-ac60-f2f32a18ee32,/a3f5f3f5-3fb0-42ab-af90-24d91c0493d0/ss19kat_telemetry_js/js,Katsuta
323,0,0,0,0,,0,358,11.0,62.24255,26.14715,018,0,169,Competing,0,,1633268845200,ac8a498b-36b4-4b68-8fa4-45d70e0f84ff,082b95f7-a5f9-4b7c-ac60-f2f32a18ee32,/a3f5f3f5-3fb0-42ab-af90-24d91c0493d0/ss19kat_telemetry_js/js,Katsuta
324,0,0,0,0,,0,356,10.7,62.2403,26.14722,018,0,149,Competing,0,,1633268839900,ac8a498b-36b4-4b68-8fa4-45d70e0f84ff,082b95f7-a5f9-4b7c-ac60-f2f32a18ee32,/a3f5f3f5-3fb0-42ab-af90-24d91c0493d0/ss19kat_telemetry_js/js,Katsuta
325,0,0,0,0,,0,32,10.5,62.23847,26.14718,018,0,55,Competing,0,,1633268833500,ac8a498b-36b4-4b68-8fa4-45d70e0f84ff,082b95f7-a5f9-4b7c-ac60-f2f32a18ee32,/a3f5f3f5-3fb0-42ab-af90-24d91c0493d0/ss19kat_telemetry_js/js,Katsuta
326,0,0,0,0,,0,162,10.2,62.24036,26.14519,018,0,142,Competing,0,,1633268820700,ac8a498b-36b4-4b68-8fa4-45d70e0f84ff,082b95f7-a5f9-4b7c-ac60-f2f32a18ee32,/a3f5f3f5-3fb0-42ab-af90-24d91c0493d0/ss19kat_telemetry_js/js,Katsuta
327,0,0,0,0,,0,138,10.0,62.24207,26.14472,018,0,47,Competing,0,,1633268814300,ac8a498b-36b4-4b68-8fa4-45d70e0f84ff,082b95f7-a5f9-4b7c-ac60-f2f32a18ee32,/a3f5f3f5-3fb0-42ab-af90-24d91c0493d0/ss19kat_telemetry_js/js,Katsuta
328,0,0,0,0,,0,8,9.2,62.23656,26.14227,018,0,156,Competing,0,,1633268786000,ac8a498b-36b4-4b68-8fa4-45d70e0f84ff,082b95f7-a5f9-4b7c-ac60-f2f32a18ee32,/a3f5f3f5-3fb0-42ab-af90-24d91c0493d0/ss19kat_telemetry_js/js,Katsuta
329,0,0,0,0,,0,8,9.1,62.23512,26.14156,018,0,145,Competing,0,,1633268782300,ac8a498b-36b4-4b68-8fa4-45d70e0f84ff,082b95f7-a5f9-4b7c-ac60-f2f32a18ee32,/a3f5f3f5-3fb0-42ab-af90-24d91c0493d0/ss19kat_telemetry_js/js,Katsuta
330,0,0,0,0,,0,294,8.8,62.23325,26.14194,018,0,105,Competing,0,,1633268775900,ac8a498b-36b4-4b68-8fa4-45d70e0f84ff,082b95f7-a5f9-4b7c-ac60-f2f32a18ee32,/a3f5f3f5-3fb0-42ab-af90-24d91c0493d0/ss19kat_telemetry_js/js,Katsuta
331,0,0,0,0,,0,352,8.3,62.23072,26.14866,018,0,179,Competing,0,,1633268763100,ac8a498b-36b4-4b68-8fa4-45d70e0f84ff,082b95f7-a5f9-4b7c-ac60-f2f32a18ee32,/a3f5f3f5-3fb0-42ab-af90-24d91c0493d0/ss19kat_telemetry_js/js,Katsuta
332,0,0,0,0,,0,10,8.0,62.22794,26.14849,018,0,156,Competing,0,,1633268756700,ac8a498b-36b4-4b68-8fa4-45d70e0f84ff,082b95f7-a5f9-4b7c-ac60-f2f32a18ee32,/a3f5f3f5-3fb0-42ab-af90-24d91c0493d0/ss19kat_telemetry_js/js,Katsuta
333,0,0,0,0,,0,244,7.1,62.22152,26.15788,018,0,96,Competing,0,,1633268731100,ac8a498b-36b4-4b68-8fa4-45d70e0f84ff,082b95f7-a5f9-4b7c-ac60-f2f32a18ee32,/a3f5f3f5-3fb0-42ab-af90-24d91c0493d0/ss19kat_telemetry_js/js,Katsuta
334,0,0,0,0,,0,302,7.0,62.22173,26.1605,018,0,91,Competing,0,,1633268725900,ac8a498b-36b4-4b68-8fa4-45d70e0f84ff,082b95f7-a5f9-4b7c-ac60-f2f32a18ee32,/a3f5f3f5-3fb0-42ab-af90-24d91c0493d0/ss19kat_telemetry_js/js,Katsuta
335,0,0,0,0,,0,302,6.9,62.22157,26.16096,018,0,117,Competing,0,,1633268724700,ac8a498b-36b4-4b68-8fa4-45d70e0f84ff,082b95f7-a5f9-4b7c-ac60-f2f32a18ee32,/a3f5f3f5-3fb0-42ab-af90-24d91c0493d0/ss19kat_telemetry_js/js,Katsuta
336,0,0,0,0,,0,266,6.7,62.22127,26.16562,018,0,172,Competing,0,,1633268718300,ac8a498b-36b4-4b68-8fa4-45d70e0f84ff,082b95f7-a5f9-4b7c-ac60-f2f32a18ee32,/a3f5f3f5-3fb0-42ab-af90-24d91c0493d0/ss19kat_telemetry_js/js,Katsuta
337,0,0,0,0,,0,274,6.3,62.22105,26.17095,018,0,152,Competing,0,,1633268712100,ac8a498b-36b4-4b68-8fa4-45d70e0f84ff,082b95f7-a5f9-4b7c-ac60-f2f32a18ee32,/a3f5f3f5-3fb0-42ab-af90-24d91c0493d0/ss19kat_telemetry_js/js,Katsuta
338,0,0,0,0,,0,274,6.3,62.22104,26.17112,018,0,152,Competing,0,,1633268711900,ac8a498b-36b4-4b68-8fa4-45d70e0f84ff,082b95f7-a5f9-4b7c-ac60-f2f32a18ee32,/a3f5f3f5-3fb0-42ab-af90-24d91c0493d0/ss19kat_telemetry_js/js,Katsuta
339,0,0,0,0,,0,338,6.0,62.22037,26.17769,018,0,94,Competing,0,,1633268702300,ac8a498b-36b4-4b68-8fa4-45d70e0f84ff,082b95f7-a5f9-4b7c-ac60-f2f32a18ee32,/a3f5f3f5-3fb0-42ab-af90-24d91c0493d0/ss19kat_telemetry_js/js,Katsuta
340,0,0,0,0,,0,296,5.8,62.21888,26.17866,018,0,85,Competing,0,,1633268695900,ac8a498b-36b4-4b68-8fa4-45d70e0f84ff,082b95f7-a5f9-4b7c-ac60-f2f32a18ee32,/a3f5f3f5-3fb0-42ab-af90-24d91c0493d0/ss19kat_telemetry_js/js,Katsuta
341,0,0,0,0,,0,2,5.3,62.21576,26.18398,018,0,97,Competing,0,,1633268679900,ac8a498b-36b4-4b68-8fa4-45d70e0f84ff,082b95f7-a5f9-4b7c-ac60-f2f32a18ee32,/a3f5f3f5-3fb0-42ab-af90-24d91c0493d0/ss19kat_telemetry_js/js,Katsuta
342,0,0,0,0,,0,26,5.0,62.21257,26.1809,018,0,113,Competing,0,,1633268669800,ac8a498b-36b4-4b68-8fa4-45d70e0f84ff,082b95f7-a5f9-4b7c-ac60-f2f32a18ee32,/a3f5f3f5-3fb0-42ab-af90-24d91c0493d0/ss19kat_telemetry_js/js,Katsuta
343,0,0,0,0,,0,26,4.9,62.21196,26.18017,018,0,65,Competing,0,,1633268667100,ac8a498b-36b4-4b68-8fa4-45d70e0f84ff,082b95f7-a5f9-4b7c-ac60-f2f32a18ee32,/a3f5f3f5-3fb0-42ab-af90-24d91c0493d0/ss19kat_telemetry_js/js,Katsuta
344,0,0,0,0,,0,296,4.7,62.21129,26.18141,018,0,148,Competing,0,,1633268660700,ac8a498b-36b4-4b68-8fa4-45d70e0f84ff,082b95f7-a5f9-4b7c-ac60-f2f32a18ee32,/a3f5f3f5-3fb0-42ab-af90-24d91c0493d0/ss19kat_telemetry_js/js,Katsuta
345,0,0,0,0,,0,296,4.5,62.21021,26.18575,018,0,94,Competing,0,,1633268654300,ac8a498b-36b4-4b68-8fa4-45d70e0f84ff,082b95f7-a5f9-4b7c-ac60-f2f32a18ee32,/a3f5f3f5-3fb0-42ab-af90-24d91c0493d0/ss19kat_telemetry_js/js,Katsuta
346,0,0,0,0,,0,354,4.3,62.20879,26.18714,018,0,158,Competing,0,,1633268647900,ac8a498b-36b4-4b68-8fa4-45d70e0f84ff,082b95f7-a5f9-4b7c-ac60-f2f32a18ee32,/a3f5f3f5-3fb0-42ab-af90-24d91c0493d0/ss19kat_telemetry_js/js,Katsuta
347,0,0,0,0,,0,66,4.0,62.2063,26.18766,018,0,54,Competing,0,,1633268638300,ac8a498b-36b4-4b68-8fa4-45d70e0f84ff,082b95f7-a5f9-4b7c-ac60-f2f32a18ee32,/a3f5f3f5-3fb0-42ab-af90-24d91c0493d0/ss19kat_telemetry_js/js,Katsuta
348,0,0,0,0,,0,66,4.0,62.2061,26.1865,018,0,135,Competing,0,,1633268635100,ac8a498b-36b4-4b68-8fa4-45d70e0f84ff,082b95f7-a5f9-4b7c-ac60-f2f32a18ee32,/a3f5f3f5-3fb0-42ab-af90-24d91c0493d0/ss19kat_telemetry_js/js,Katsuta
349,0,0,0,0,,0,66,2.8,62.202,26.1682,018,0,98,Competing,0,,1633268603100,ac8a498b-36b4-4b68-8fa4-45d70e0f84ff,082b95f7-a5f9-4b7c-ac60-f2f32a18ee32,/a3f5f3f5-3fb0-42ab-af90-24d91c0493d0/ss19kat_telemetry_js/js,Katsuta
350,0,0,0,0,,0,352,2.5,62.2006,26.16655,018,0,153,Competing,0,,1633268593500,ac8a498b-36b4-4b68-8fa4-45d70e0f84ff,082b95f7-a5f9-4b7c-ac60-f2f32a18ee32,/a3f5f3f5-3fb0-42ab-af90-24d91c0493d0/ss19kat_telemetry_js/js,Katsuta
351,0,0,0,0,,0,352,2.3,62.19867,26.16726,018,0,54,Competing,0,,1633268587200,ac8a498b-36b4-4b68-8fa4-45d70e0f84ff,082b95f7-a5f9-4b7c-ac60-f2f32a18ee32,/a3f5f3f5-3fb0-42ab-af90-24d91c0493d0/ss19kat_telemetry_js/js,Katsuta
352,0,0,0,0,,0,276,1.9,62.19776,26.17378,018,0,165,Competing,0,,1633268574300,ac8a498b-36b4-4b68-8fa4-45d70e0f84ff,082b95f7-a5f9-4b7c-ac60-f2f32a18ee32,/a3f5f3f5-3fb0-42ab-af90-24d91c0493d0/ss19kat_telemetry_js/js,Katsuta
353,0,0,0,0,,0,272,1.8,62.19772,26.1765,018,0,145,Competing,0,,1633268571100,ac8a498b-36b4-4b68-8fa4-45d70e0f84ff,082b95f7-a5f9-4b7c-ac60-f2f32a18ee32,/a3f5f3f5-3fb0-42ab-af90-24d91c0493d0/ss19kat_telemetry_js/js,Katsuta
354,0,0,0,0,,0,270,1.2,62.19721,26.18744,018,0,178,Competing,0,,1633268555100,ac8a498b-36b4-4b68-8fa4-45d70e0f84ff,082b95f7-a5f9-4b7c-ac60-f2f32a18ee32,/a3f5f3f5-3fb0-42ab-af90-24d91c0493d0/ss19kat_telemetry_js/js,Katsuta
355,0,0,0,0,,0,244,0.8,62.19784,26.19563,018,0,138,Competing,0,,1633268545500,ac8a498b-36b4-4b68-8fa4-45d70e0f84ff,082b95f7-a5f9-4b7c-ac60-f2f32a18ee32,/a3f5f3f5-3fb0-42ab-af90-24d91c0493d0/ss19kat_telemetry_js/js,Katsuta
356,0,0,0,0,,0,272,0.6,62.19845,26.19933,018,0,105,Competing,0,,1633268539100,ac8a498b-36b4-4b68-8fa4-45d70e0f84ff,082b95f7-a5f9-4b7c-ac60-f2f32a18ee32,/a3f5f3f5-3fb0-42ab-af90-24d91c0493d0/ss19kat_telemetry_js/js,Katsuta
357,0,0,0,0,,0,206,0.2,62.20042,26.20492,018,0,145,Competing,0,,1633268529600,ac8a498b-36b4-4b68-8fa4-45d70e0f84ff,082b95f7-a5f9-4b7c-ac60-f2f32a18ee32,/a3f5f3f5-3fb0-42ab-af90-24d91c0493d0/ss19kat_telemetry_js/js,Katsuta
358,0,0,0,0,,0,220,0.0,62.20136,26.20607,018,0,111,Competing,0,,1633268526400,ac8a498b-36b4-4b68-8fa4-45d70e0f84ff,082b95f7-a5f9-4b7c-ac60-f2f32a18ee32,/a3f5f3f5-3fb0-42ab-af90-24d91c0493d0/ss19kat_telemetry_js/js,Katsuta
359,0,0,0,0,,0,260,0.0,62.20186,26.20804,018,0,0,Competing,0,,1633268417900,ac8a498b-36b4-4b68-8fa4-45d70e0f84ff,082b95f7-a5f9-4b7c-ac60-f2f32a18ee32,/a3f5f3f5-3fb0-42ab-af90-24d91c0493d0/ss19kat_telemetry_js/js,Katsuta
360,0,0,0,0,,0,226,0.0,62.20187,26.20812,018,0,0,Competing,0,,1633268398300,ac8a498b-36b4-4b68-8fa4-45d70e0f84ff,082b95f7-a5f9-4b7c-ac60-f2f32a18ee32,/a3f5f3f5-3fb0-42ab-af90-24d91c0493d0/ss19kat_telemetry_js/js,Katsuta
361,0,0,0,0,,0,252,0.0,62.20189,26.20816,018,0,0,Competing,0,,1633268385700,ac8a498b-36b4-4b68-8fa4-45d70e0f84ff,082b95f7-a5f9-4b7c-ac60-f2f32a18ee32,/a3f5f3f5-3fb0-42ab-af90-24d91c0493d0/ss19kat_telemetry_js/js,Katsuta
362,0,0,0,0,,0,266,0.0,62.20191,26.20829,018,0,26,Competing,0,,1633268380200,ac8a498b-36b4-4b68-8fa4-45d70e0f84ff,082b95f7-a5f9-4b7c-ac60-f2f32a18ee32,/a3f5f3f5-3fb0-42ab-af90-24d91c0493d0/ss19kat_telemetry_js/js,Katsuta
363,0,0,0,0,,0,266,0.0,62.20191,26.20846,018,0,31,Competing,0,,1633268379200,ac8a498b-36b4-4b68-8fa4-45d70e0f84ff,082b95f7-a5f9-4b7c-ac60-f2f32a18ee32,/a3f5f3f5-3fb0-42ab-af90-24d91c0493d0/ss19kat_telemetry_js/js,Katsuta
364,0,0,0,0,,0,290,0.0,62.20185,26.20955,018,0,16,Competing,0,,1633268373500,ac8a498b-36b4-4b68-8fa4-45d70e0f84ff,082b95f7-a5f9-4b7c-ac60-f2f32a18ee32,/a3f5f3f5-3fb0-42ab-af90-24d91c0493d0/ss19kat_telemetry_js/js,Katsuta
365,0,0,0,0,,0,180,0.0,62.20184,26.21004,018,0,0,Competing,0,,1633268360000,ac8a498b-36b4-4b68-8fa4-45d70e0f84ff,082b95f7-a5f9-4b7c-ac60-f2f32a18ee32,/a3f5f3f5-3fb0-42ab-af90-24d91c0493d0/ss19kat_telemetry_js/js,Katsuta
366,0,0,0,0,,0,172,0.0,62.20185,26.21004,018,0,0,Competing,0,,1633268353500,ac8a498b-36b4-4b68-8fa4-45d70e0f84ff,082b95f7-a5f9-4b7c-ac60-f2f32a18ee32,/a3f5f3f5-3fb0-42ab-af90-24d91c0493d0/ss19kat_telemetry_js/js,Katsuta
367,0,0,0,0,,0,170,0.0,62.20186,26.21004,018,0,0,Competing,0,,1633268351700,ac8a498b-36b4-4b68-8fa4-45d70e0f84ff,082b95f7-a5f9-4b7c-ac60-f2f32a18ee32,/a3f5f3f5-3fb0-42ab-af90-24d91c0493d0/ss19kat_telemetry_js/js,Katsuta
368,0,0,0,0,,0,164,0.0,62.20187,26.21004,018,0,0,Competing,0,,1633268347200,ac8a498b-36b4-4b68-8fa4-45d70e0f84ff,082b95f7-a5f9-4b7c-ac60-f2f32a18ee32,/a3f5f3f5-3fb0-42ab-af90-24d91c0493d0/ss19kat_telemetry_js/js,Katsuta
369,0,0,0,0,,0,164,0.0,62.20188,26.21004,018,0,0,Competing,0,,1633268345500,ac8a498b-36b4-4b68-8fa4-45d70e0f84ff,082b95f7-a5f9-4b7c-ac60-f2f32a18ee32,/a3f5f3f5-3fb0-42ab-af90-24d91c0493d0/ss19kat_telemetry_js/js,Katsuta
370,0,0,0,0,,0,172,14.5,62.2019,26.21003,018,0,0,Competing,0,,1633268340800,ac8a498b-36b4-4b68-8fa4-45d70e0f84ff,082b95f7-a5f9-4b7c-ac60-f2f32a18ee32,/a3f5f3f5-3fb0-42ab-af90-24d91c0493d0/ss19kat_telemetry_js/js,Katsuta
371,0,0,0,0,,0,198,14.5,62.20193,26.21001,018,0,0,Competing,0,,1633268334400,ac8a498b-36b4-4b68-8fa4-45d70e0f84ff,082b95f7-a5f9-4b7c-ac60-f2f32a18ee32,/a3f5f3f5-3fb0-42ab-af90-24d91c0493d0/ss19kat_telemetry_js/js,Katsuta
372,0,0,0,0,,0,256,14.5,62.20196,26.20997,018,0,11,Competing,0,,1633268327900,ac8a498b-36b4-4b68-8fa4-45d70e0f84ff,082b95f7-a5f9-4b7c-ac60-f2f32a18ee32,/a3f5f3f5-3fb0-42ab-af90-24d91c0493d0/ss19kat_telemetry_js/js,Katsuta
373,0,0,0,0,,0,250,14.5,62.20213,26.21082,018,0,50,Competing,0,,1633268321500,ac8a498b-36b4-4b68-8fa4-45d70e0f84ff,082b95f7-a5f9-4b7c-ac60-f2f32a18ee32,/a3f5f3f5-3fb0-42ab-af90-24d91c0493d0/ss19kat_telemetry_js/js,Katsuta
374,0,0,0,0,,0,186,14.4,62.20272,26.21191,018,0,72,Competing,0,,1633268315200,ac8a498b-36b4-4b68-8fa4-45d70e0f84ff,082b95f7-a5f9-4b7c-ac60-f2f32a18ee32,/a3f5f3f5-3fb0-42ab-af90-24d91c0493d0/ss19kat_telemetry_js/js,Katsuta
375,0,0,0,0,,0,164,14.3,62.20345,26.2123,018,0,41,Competing,0,,1633268302300,ac8a498b-36b4-4b68-8fa4-45d70e0f84ff,082b95f7-a5f9-4b7c-ac60-f2f32a18ee32,/a3f5f3f5-3fb0-42ab-af90-24d91c0493d0/ss19kat_telemetry_js/js,Katsuta
376,0,0,0,0,,0,168,14.0,62.20573,26.2112,018,0,54,Competing,0,,1633268283200,ac8a498b-36b4-4b68-8fa4-45d70e0f84ff,082b95f7-a5f9-4b7c-ac60-f2f32a18ee32,/a3f5f3f5-3fb0-42ab-af90-24d91c0493d0/ss19kat_telemetry_js/js,Katsuta
