,accx,accy,altitude,brk,driverid,gear,heading,kms,lat,lon,name,rpm,speed,status,throttle,track,utx,_rally_stageid,_carentryid,_telemetryID,_name
0,0,0,0,0,,0,226,13.7,61.81137,25.15004,022,0,0,Competing,0,,1633173362600,e48230c3-8ed7-442d-a370-fae6bf73a61c,d59ce450-134b-415b-b329-9567a619ec0a,/a3f5f3f5-3fb0-42ab-af90-24d91c0493d0/ss09gry_telemetry_js/js,Gryazin
1,0,0,0,0,,0,228,13.5,61.81268,25.15302,022,0,105,Competing,0,,1633173343000,e48230c3-8ed7-442d-a370-fae6bf73a61c,d59ce450-134b-415b-b329-9567a619ec0a,/a3f5f3f5-3fb0-42ab-af90-24d91c0493d0/ss09gry_telemetry_js/js,Gryazin
2,0,0,0,0,,0,224,13.3,61.81388,25.15554,022,0,96,Competing,0,,1633173337000,e48230c3-8ed7-442d-a370-fae6bf73a61c,d59ce450-134b-415b-b329-9567a619ec0a,/a3f5f3f5-3fb0-42ab-af90-24d91c0493d0/ss09gry_telemetry_js/js,Gryazin
3,0,0,0,0,,0,262,13.2,61.81432,25.1578,022,0,71,Competing,0,,1633173330600,e48230c3-8ed7-442d-a370-fae6bf73a61c,d59ce450-134b-415b-b329-9567a619ec0a,/a3f5f3f5-3fb0-42ab-af90-24d91c0493d0/ss09gry_telemetry_js/js,Gryazin
4,0,0,0,0,,0,160,13.0,61.81511,25.15838,022,0,97,Competing,0,,1633173324200,e48230c3-8ed7-442d-a370-fae6bf73a61c,d59ce450-134b-415b-b329-9567a619ec0a,/a3f5f3f5-3fb0-42ab-af90-24d91c0493d0/ss09gry_telemetry_js/js,Gryazin
5,0,0,0,0,,0,264,12.6,61.81869,25.16069,022,0,80,Competing,0,,1633173305000,e48230c3-8ed7-442d-a370-fae6bf73a61c,d59ce450-134b-415b-b329-9567a619ec0a,/a3f5f3f5-3fb0-42ab-af90-24d91c0493d0/ss09gry_telemetry_js/js,Gryazin
6,0,0,0,0,,0,262,12.4,61.8187,25.16091,022,0,72,Competing,0,,1633173304500,e48230c3-8ed7-442d-a370-fae6bf73a61c,d59ce450-134b-415b-b329-9567a619ec0a,/a3f5f3f5-3fb0-42ab-af90-24d91c0493d0/ss09gry_telemetry_js/js,Gryazin
7,0,0,0,0,,0,354,12.4,61.81851,25.16186,022,0,64,Competing,0,,1633173298600,e48230c3-8ed7-442d-a370-fae6bf73a61c,d59ce450-134b-415b-b329-9567a619ec0a,/a3f5f3f5-3fb0-42ab-af90-24d91c0493d0/ss09gry_telemetry_js/js,Gryazin
8,0,0,0,0,,0,280,12.0,61.81726,25.1677,022,0,123,Competing,0,,1633173285800,e48230c3-8ed7-442d-a370-fae6bf73a61c,d59ce450-134b-415b-b329-9567a619ec0a,/a3f5f3f5-3fb0-42ab-af90-24d91c0493d0/ss09gry_telemetry_js/js,Gryazin
9,0,0,0,0,,0,80,10.1,61.80471,25.17822,022,0,119,Competing,0,,1633173221800,e48230c3-8ed7-442d-a370-fae6bf73a61c,d59ce450-134b-415b-b329-9567a619ec0a,/a3f5f3f5-3fb0-42ab-af90-24d91c0493d0/ss09gry_telemetry_js/js,Gryazin
10,0,0,0,0,,0,6,10.0,61.80426,25.17546,022,0,91,Competing,0,,1633173213100,e48230c3-8ed7-442d-a370-fae6bf73a61c,d59ce450-134b-415b-b329-9567a619ec0a,/a3f5f3f5-3fb0-42ab-af90-24d91c0493d0/ss09gry_telemetry_js/js,Gryazin
11,0,0,0,0,,0,316,9.3,61.79943,25.18005,022,0,148,Competing,0,,1633173196200,e48230c3-8ed7-442d-a370-fae6bf73a61c,d59ce450-134b-415b-b329-9567a619ec0a,/a3f5f3f5-3fb0-42ab-af90-24d91c0493d0/ss09gry_telemetry_js/js,Gryazin
12,0,0,0,0,,0,334,9.1,61.79745,25.18271,022,0,143,Competing,0,,1633173189800,e48230c3-8ed7-442d-a370-fae6bf73a61c,d59ce450-134b-415b-b329-9567a619ec0a,/a3f5f3f5-3fb0-42ab-af90-24d91c0493d0/ss09gry_telemetry_js/js,Gryazin
13,0,0,0,0,,0,64,8.7,61.79474,25.18475,022,0,89,Competing,0,,1633173177000,e48230c3-8ed7-442d-a370-fae6bf73a61c,d59ce450-134b-415b-b329-9567a619ec0a,/a3f5f3f5-3fb0-42ab-af90-24d91c0493d0/ss09gry_telemetry_js/js,Gryazin
14,0,0,0,0,,0,52,7.4,61.78516,25.18965,022,0,83,Competing,0,,1633173132200,e48230c3-8ed7-442d-a370-fae6bf73a61c,d59ce450-134b-415b-b329-9567a619ec0a,/a3f5f3f5-3fb0-42ab-af90-24d91c0493d0/ss09gry_telemetry_js/js,Gryazin
15,0,0,0,0,,0,4,6.4,61.77802,25.19172,022,0,150,Competing,0,,1633173103000,e48230c3-8ed7-442d-a370-fae6bf73a61c,d59ce450-134b-415b-b329-9567a619ec0a,/a3f5f3f5-3fb0-42ab-af90-24d91c0493d0/ss09gry_telemetry_js/js,Gryazin
16,0,0,0,0,,0,358,6.3,61.77698,25.19175,022,0,146,Competing,0,,1633173100200,e48230c3-8ed7-442d-a370-fae6bf73a61c,d59ce450-134b-415b-b329-9567a619ec0a,/a3f5f3f5-3fb0-42ab-af90-24d91c0493d0/ss09gry_telemetry_js/js,Gryazin
17,0,0,0,0,,0,350,6.2,61.77588,25.1921,022,0,126,Competing,0,,1633173097000,e48230c3-8ed7-442d-a370-fae6bf73a61c,d59ce450-134b-415b-b329-9567a619ec0a,/a3f5f3f5-3fb0-42ab-af90-24d91c0493d0/ss09gry_telemetry_js/js,Gryazin
18,0,0,0,0,,0,16,6.1,61.77493,25.19226,022,0,109,Competing,0,,1633173093800,e48230c3-8ed7-442d-a370-fae6bf73a61c,d59ce450-134b-415b-b329-9567a619ec0a,/a3f5f3f5-3fb0-42ab-af90-24d91c0493d0/ss09gry_telemetry_js/js,Gryazin
19,0,0,0,0,,0,20,6.0,61.77413,25.19156,022,0,96,Competing,0,,1633173090600,e48230c3-8ed7-442d-a370-fae6bf73a61c,d59ce450-134b-415b-b329-9567a619ec0a,/a3f5f3f5-3fb0-42ab-af90-24d91c0493d0/ss09gry_telemetry_js/js,Gryazin
20,0,0,0,0,,0,42,6.0,61.7736,25.19116,022,0,59,Competing,0,,1633173087800,e48230c3-8ed7-442d-a370-fae6bf73a61c,d59ce450-134b-415b-b329-9567a619ec0a,/a3f5f3f5-3fb0-42ab-af90-24d91c0493d0/ss09gry_telemetry_js/js,Gryazin
21,0,0,0,0,,0,46,5.9,61.77333,25.18994,022,0,92,Competing,0,,1633173084200,e48230c3-8ed7-442d-a370-fae6bf73a61c,d59ce450-134b-415b-b329-9567a619ec0a,/a3f5f3f5-3fb0-42ab-af90-24d91c0493d0/ss09gry_telemetry_js/js,Gryazin
22,0,0,0,0,,0,34,5.8,61.77269,25.18903,022,0,112,Competing,0,,1633173081000,e48230c3-8ed7-442d-a370-fae6bf73a61c,d59ce450-134b-415b-b329-9567a619ec0a,/a3f5f3f5-3fb0-42ab-af90-24d91c0493d0/ss09gry_telemetry_js/js,Gryazin
23,0,0,0,0,,0,42,5.7,61.77187,25.18773,022,0,127,Competing,0,,1633173077800,e48230c3-8ed7-442d-a370-fae6bf73a61c,d59ce450-134b-415b-b329-9567a619ec0a,/a3f5f3f5-3fb0-42ab-af90-24d91c0493d0/ss09gry_telemetry_js/js,Gryazin
24,0,0,0,0,,0,16,5.6,61.77117,25.18654,022,0,94,Competing,0,,1633173074600,e48230c3-8ed7-442d-a370-fae6bf73a61c,d59ce450-134b-415b-b329-9567a619ec0a,/a3f5f3f5-3fb0-42ab-af90-24d91c0493d0/ss09gry_telemetry_js/js,Gryazin
25,0,0,0,0,,0,334,5.5,61.77066,25.18644,022,0,81,Competing,0,,1633173072300,e48230c3-8ed7-442d-a370-fae6bf73a61c,d59ce450-134b-415b-b329-9567a619ec0a,/a3f5f3f5-3fb0-42ab-af90-24d91c0493d0/ss09gry_telemetry_js/js,Gryazin
26,0,0,0,0,,0,54,5.2,61.76834,25.18779,022,0,100,Competing,0,,1633173058300,e48230c3-8ed7-442d-a370-fae6bf73a61c,d59ce450-134b-415b-b329-9567a619ec0a,/a3f5f3f5-3fb0-42ab-af90-24d91c0493d0/ss09gry_telemetry_js/js,Gryazin
27,0,0,0,0,,0,334,5.0,61.76746,25.1853,022,0,73,Competing,0,,1633173049800,e48230c3-8ed7-442d-a370-fae6bf73a61c,d59ce450-134b-415b-b329-9567a619ec0a,/a3f5f3f5-3fb0-42ab-af90-24d91c0493d0/ss09gry_telemetry_js/js,Gryazin
28,0,0,0,0,,0,60,4.3,61.7625,25.18422,022,0,88,Competing,0,,1633173026600,e48230c3-8ed7-442d-a370-fae6bf73a61c,d59ce450-134b-415b-b329-9567a619ec0a,/a3f5f3f5-3fb0-42ab-af90-24d91c0493d0/ss09gry_telemetry_js/js,Gryazin
29,0,0,0,0,,0,248,2.0,61.75111,25.20337,022,0,103,Competing,0,,1633172950800,e48230c3-8ed7-442d-a370-fae6bf73a61c,d59ce450-134b-415b-b329-9567a619ec0a,/a3f5f3f5-3fb0-42ab-af90-24d91c0493d0/ss09gry_telemetry_js/js,Gryazin
30,0,0,0,0,,0,278,1.5,61.75129,25.21242,022,0,93,Competing,0,,1633172933800,e48230c3-8ed7-442d-a370-fae6bf73a61c,d59ce450-134b-415b-b329-9567a619ec0a,/a3f5f3f5-3fb0-42ab-af90-24d91c0493d0/ss09gry_telemetry_js/js,Gryazin
31,0,0,0,0,,0,272,1.3,61.75092,25.21549,022,0,102,Competing,0,,1633172927400,e48230c3-8ed7-442d-a370-fae6bf73a61c,d59ce450-134b-415b-b329-9567a619ec0a,/a3f5f3f5-3fb0-42ab-af90-24d91c0493d0/ss09gry_telemetry_js/js,Gryazin
32,0,0,0,0,,0,318,1.0,61.75139,25.22158,022,0,93,Competing,0,,1633172916800,e48230c3-8ed7-442d-a370-fae6bf73a61c,d59ce450-134b-415b-b329-9567a619ec0a,/a3f5f3f5-3fb0-42ab-af90-24d91c0493d0/ss09gry_telemetry_js/js,Gryazin
33,0,0,0,0,,0,302,0.6,61.74924,25.22548,022,0,92,Competing,0,,1633172905000,e48230c3-8ed7-442d-a370-fae6bf73a61c,d59ce450-134b-415b-b329-9567a619ec0a,/a3f5f3f5-3fb0-42ab-af90-24d91c0493d0/ss09gry_telemetry_js/js,Gryazin
34,0,0,0,0,,0,354,0.5,61.74871,25.22639,022,0,91,Competing,0,,1633172901800,e48230c3-8ed7-442d-a370-fae6bf73a61c,d59ce450-134b-415b-b329-9567a619ec0a,/a3f5f3f5-3fb0-42ab-af90-24d91c0493d0/ss09gry_telemetry_js/js,Gryazin
35,0,0,0,0,,0,308,0.5,61.74818,25.22702,022,0,100,Competing,0,,1633172898600,e48230c3-8ed7-442d-a370-fae6bf73a61c,d59ce450-134b-415b-b329-9567a619ec0a,/a3f5f3f5-3fb0-42ab-af90-24d91c0493d0/ss09gry_telemetry_js/js,Gryazin
36,0,0,0,0,,0,320,0.4,61.74767,25.22851,022,0,111,Competing,0,,1633172895400,e48230c3-8ed7-442d-a370-fae6bf73a61c,d59ce450-134b-415b-b329-9567a619ec0a,/a3f5f3f5-3fb0-42ab-af90-24d91c0493d0/ss09gry_telemetry_js/js,Gryazin
37,0,0,0,0,,0,328,0.3,61.74686,25.22941,022,0,133,Competing,0,,1633172892200,e48230c3-8ed7-442d-a370-fae6bf73a61c,d59ce450-134b-415b-b329-9567a619ec0a,/a3f5f3f5-3fb0-42ab-af90-24d91c0493d0/ss09gry_telemetry_js/js,Gryazin
38,0,0,0,0,,0,332,0.1,61.74603,25.23091,022,0,133,Competing,0,,1633172889000,e48230c3-8ed7-442d-a370-fae6bf73a61c,d59ce450-134b-415b-b329-9567a619ec0a,/a3f5f3f5-3fb0-42ab-af90-24d91c0493d0/ss09gry_telemetry_js/js,Gryazin
39,0,0,0,0,,0,336,0.0,61.74514,25.23179,022,0,105,Competing,0,,1633172885800,e48230c3-8ed7-442d-a370-fae6bf73a61c,d59ce450-134b-415b-b329-9567a619ec0a,/a3f5f3f5-3fb0-42ab-af90-24d91c0493d0/ss09gry_telemetry_js/js,Gryazin
40,0,0,0,0,,0,346,0.0,61.74455,25.23244,022,0,57,Competing,0,,1633172882800,e48230c3-8ed7-442d-a370-fae6bf73a61c,d59ce450-134b-415b-b329-9567a619ec0a,/a3f5f3f5-3fb0-42ab-af90-24d91c0493d0/ss09gry_telemetry_js/js,Gryazin
41,0,0,0,0,,0,354,0.0,61.74451,25.23247,022,0,44,Competing,0,,1633172882600,e48230c3-8ed7-442d-a370-fae6bf73a61c,d59ce450-134b-415b-b329-9567a619ec0a,/a3f5f3f5-3fb0-42ab-af90-24d91c0493d0/ss09gry_telemetry_js/js,Gryazin
42,0,0,0,0,,0,344,0.0,61.74432,25.23255,022,0,0,Competing,0,,1633172876200,e48230c3-8ed7-442d-a370-fae6bf73a61c,d59ce450-134b-415b-b329-9567a619ec0a,/a3f5f3f5-3fb0-42ab-af90-24d91c0493d0/ss09gry_telemetry_js/js,Gryazin
43,0,0,0,0,,0,358,0.0,61.74432,25.23256,022,0,0,Competing,0,,1633172869800,e48230c3-8ed7-442d-a370-fae6bf73a61c,d59ce450-134b-415b-b329-9567a619ec0a,/a3f5f3f5-3fb0-42ab-af90-24d91c0493d0/ss09gry_telemetry_js/js,Gryazin
44,0,0,0,0,,0,20,0.0,61.74432,25.23257,022,0,0,Competing,0,,1633172863400,e48230c3-8ed7-442d-a370-fae6bf73a61c,d59ce450-134b-415b-b329-9567a619ec0a,/a3f5f3f5-3fb0-42ab-af90-24d91c0493d0/ss09gry_telemetry_js/js,Gryazin
45,0,0,0,0,,0,44,0.0,61.74432,25.23258,022,0,0,Competing,0,,1633172857000,e48230c3-8ed7-442d-a370-fae6bf73a61c,d59ce450-134b-415b-b329-9567a619ec0a,/a3f5f3f5-3fb0-42ab-af90-24d91c0493d0/ss09gry_telemetry_js/js,Gryazin
46,0,0,0,0,,0,54,0.0,61.74432,25.23258,022,0,0,Competing,0,,1633172850600,e48230c3-8ed7-442d-a370-fae6bf73a61c,d59ce450-134b-415b-b329-9567a619ec0a,/a3f5f3f5-3fb0-42ab-af90-24d91c0493d0/ss09gry_telemetry_js/js,Gryazin
47,0,0,0,0,,0,60,0.0,61.74431,25.23258,022,0,0,Competing,0,,1633172844200,e48230c3-8ed7-442d-a370-fae6bf73a61c,d59ce450-134b-415b-b329-9567a619ec0a,/a3f5f3f5-3fb0-42ab-af90-24d91c0493d0/ss09gry_telemetry_js/js,Gryazin
48,0,0,0,0,,0,52,0.0,61.74431,25.23258,022,0,0,Competing,0,,1633172837800,e48230c3-8ed7-442d-a370-fae6bf73a61c,d59ce450-134b-415b-b329-9567a619ec0a,/a3f5f3f5-3fb0-42ab-af90-24d91c0493d0/ss09gry_telemetry_js/js,Gryazin
49,0,0,0,0,,0,26,0.0,61.74431,25.23257,022,0,0,Competing,0,,1633172831400,e48230c3-8ed7-442d-a370-fae6bf73a61c,d59ce450-134b-415b-b329-9567a619ec0a,/a3f5f3f5-3fb0-42ab-af90-24d91c0493d0/ss09gry_telemetry_js/js,Gryazin
50,0,0,0,0,,0,26,0.0,61.74431,25.23257,022,0,0,Competing,0,,1633172825000,e48230c3-8ed7-442d-a370-fae6bf73a61c,d59ce450-134b-415b-b329-9567a619ec0a,/a3f5f3f5-3fb0-42ab-af90-24d91c0493d0/ss09gry_telemetry_js/js,Gryazin
51,0,0,0,0,,0,26,0.0,61.74431,25.23257,022,0,0,Competing,0,,1633172818600,e48230c3-8ed7-442d-a370-fae6bf73a61c,d59ce450-134b-415b-b329-9567a619ec0a,/a3f5f3f5-3fb0-42ab-af90-24d91c0493d0/ss09gry_telemetry_js/js,Gryazin
52,0,0,0,0,,0,26,0.0,61.74431,25.23257,022,0,0,Competing,0,,1633172812200,e48230c3-8ed7-442d-a370-fae6bf73a61c,d59ce450-134b-415b-b329-9567a619ec0a,/a3f5f3f5-3fb0-42ab-af90-24d91c0493d0/ss09gry_telemetry_js/js,Gryazin
53,0,0,0,0,,0,20,0.0,61.74432,25.23257,022,0,0,Competing,0,,1633172806800,e48230c3-8ed7-442d-a370-fae6bf73a61c,d59ce450-134b-415b-b329-9567a619ec0a,/a3f5f3f5-3fb0-42ab-af90-24d91c0493d0/ss09gry_telemetry_js/js,Gryazin
54,0,0,0,0,,0,18,0.0,61.74432,25.23257,022,0,0,Competing,0,,1633172799400,e48230c3-8ed7-442d-a370-fae6bf73a61c,d59ce450-134b-415b-b329-9567a619ec0a,/a3f5f3f5-3fb0-42ab-af90-24d91c0493d0/ss09gry_telemetry_js/js,Gryazin
55,0,0,0,0,,0,2,0.0,61.74431,25.23255,022,0,0,Competing,0,,1633172793000,e48230c3-8ed7-442d-a370-fae6bf73a61c,d59ce450-134b-415b-b329-9567a619ec0a,/a3f5f3f5-3fb0-42ab-af90-24d91c0493d0/ss09gry_telemetry_js/js,Gryazin
56,0,0,0,0,,0,356,0.0,61.7443,25.23254,022,0,6,Competing,0,,1633172786600,e48230c3-8ed7-442d-a370-fae6bf73a61c,d59ce450-134b-415b-b329-9567a619ec0a,/a3f5f3f5-3fb0-42ab-af90-24d91c0493d0/ss09gry_telemetry_js/js,Gryazin
57,0,0,0,0,,0,2,0.1,61.74417,25.23254,022,0,33,Competing,0,,1633172781600,e48230c3-8ed7-442d-a370-fae6bf73a61c,d59ce450-134b-415b-b329-9567a619ec0a,/a3f5f3f5-3fb0-42ab-af90-24d91c0493d0/ss09gry_telemetry_js/js,Gryazin
58,0,0,0,0,,0,202,0.0,61.74364,25.23267,022,0,0,Competing,0,,1633172773800,e48230c3-8ed7-442d-a370-fae6bf73a61c,d59ce450-134b-415b-b329-9567a619ec0a,/a3f5f3f5-3fb0-42ab-af90-24d91c0493d0/ss09gry_telemetry_js/js,Gryazin
59,0,0,0,0,,0,194,0.0,61.74364,25.23267,022,0,0,Competing,0,,1633172767400,e48230c3-8ed7-442d-a370-fae6bf73a61c,d59ce450-134b-415b-b329-9567a619ec0a,/a3f5f3f5-3fb0-42ab-af90-24d91c0493d0/ss09gry_telemetry_js/js,Gryazin
60,0,0,0,0,,0,194,0.0,61.74364,25.23267,022,0,0,Competing,0,,1633172761000,e48230c3-8ed7-442d-a370-fae6bf73a61c,d59ce450-134b-415b-b329-9567a619ec0a,/a3f5f3f5-3fb0-42ab-af90-24d91c0493d0/ss09gry_telemetry_js/js,Gryazin
61,0,0,0,0,,0,196,0.0,61.74364,25.23267,022,0,0,Competing,0,,1633172754600,e48230c3-8ed7-442d-a370-fae6bf73a61c,d59ce450-134b-415b-b329-9567a619ec0a,/a3f5f3f5-3fb0-42ab-af90-24d91c0493d0/ss09gry_telemetry_js/js,Gryazin
62,0,0,0,0,,0,236,0.0,61.74365,25.23267,022,0,0,Competing,0,,1633172748200,e48230c3-8ed7-442d-a370-fae6bf73a61c,d59ce450-134b-415b-b329-9567a619ec0a,/a3f5f3f5-3fb0-42ab-af90-24d91c0493d0/ss09gry_telemetry_js/js,Gryazin
63,0,0,0,0,,0,272,0.0,61.74365,25.23267,022,0,0,Competing,0,,1633172741800,e48230c3-8ed7-442d-a370-fae6bf73a61c,d59ce450-134b-415b-b329-9567a619ec0a,/a3f5f3f5-3fb0-42ab-af90-24d91c0493d0/ss09gry_telemetry_js/js,Gryazin
64,0,0,0,0,,0,330,0.0,61.74365,25.23268,022,0,0,Competing,0,,1633172735400,e48230c3-8ed7-442d-a370-fae6bf73a61c,d59ce450-134b-415b-b329-9567a619ec0a,/a3f5f3f5-3fb0-42ab-af90-24d91c0493d0/ss09gry_telemetry_js/js,Gryazin
65,0,0,0,0,,0,346,0.0,61.74366,25.23268,022,0,0,Competing,0,,1633172729000,e48230c3-8ed7-442d-a370-fae6bf73a61c,d59ce450-134b-415b-b329-9567a619ec0a,/a3f5f3f5-3fb0-42ab-af90-24d91c0493d0/ss09gry_telemetry_js/js,Gryazin
66,0,0,0,0,,0,346,0.0,61.74351,25.23274,022,0,32,Competing,0,,1633172722600,e48230c3-8ed7-442d-a370-fae6bf73a61c,d59ce450-134b-415b-b329-9567a619ec0a,/a3f5f3f5-3fb0-42ab-af90-24d91c0493d0/ss09gry_telemetry_js/js,Gryazin
67,0,0,0,0,,0,342,0.0,61.7434,25.23279,022,0,23,Competing,0,,1633172721600,e48230c3-8ed7-442d-a370-fae6bf73a61c,d59ce450-134b-415b-b329-9567a619ec0a,/a3f5f3f5-3fb0-42ab-af90-24d91c0493d0/ss09gry_telemetry_js/js,Gryazin
68,0,0,0,0,,0,328,0.0,61.74331,25.23286,022,0,0,Competing,0,,1633172716200,e48230c3-8ed7-442d-a370-fae6bf73a61c,d59ce450-134b-415b-b329-9567a619ec0a,/a3f5f3f5-3fb0-42ab-af90-24d91c0493d0/ss09gry_telemetry_js/js,Gryazin
69,0,0,0,0,,0,336,0.0,61.74331,25.23287,022,0,0,Competing,0,,1633172709800,e48230c3-8ed7-442d-a370-fae6bf73a61c,d59ce450-134b-415b-b329-9567a619ec0a,/a3f5f3f5-3fb0-42ab-af90-24d91c0493d0/ss09gry_telemetry_js/js,Gryazin
70,0,0,0,0,,0,334,124.7,61.74326,25.23293,022,0,7,Competing,0,,1633172703400,e48230c3-8ed7-442d-a370-fae6bf73a61c,d59ce450-134b-415b-b329-9567a619ec0a,/a3f5f3f5-3fb0-42ab-af90-24d91c0493d0/ss09gry_telemetry_js/js,Gryazin
71,0,0,0,0,,0,342,124.7,61.74322,25.23297,022,0,0,Competing,0,,1633172697000,e48230c3-8ed7-442d-a370-fae6bf73a61c,d59ce450-134b-415b-b329-9567a619ec0a,/a3f5f3f5-3fb0-42ab-af90-24d91c0493d0/ss09gry_telemetry_js/js,Gryazin
72,0,0,0,0,,0,338,124.7,61.74322,25.23297,022,0,0,Competing,0,,1633172690600,e48230c3-8ed7-442d-a370-fae6bf73a61c,d59ce450-134b-415b-b329-9567a619ec0a,/a3f5f3f5-3fb0-42ab-af90-24d91c0493d0/ss09gry_telemetry_js/js,Gryazin
73,0,0,0,0,,0,334,124.7,61.74322,25.23296,022,0,0,Competing,0,,1633172684200,e48230c3-8ed7-442d-a370-fae6bf73a61c,d59ce450-134b-415b-b329-9567a619ec0a,/a3f5f3f5-3fb0-42ab-af90-24d91c0493d0/ss09gry_telemetry_js/js,Gryazin
74,0,0,0,0,,0,332,124.7,61.74322,25.23296,022,0,0,Competing,0,,1633172677800,e48230c3-8ed7-442d-a370-fae6bf73a61c,d59ce450-134b-415b-b329-9567a619ec0a,/a3f5f3f5-3fb0-42ab-af90-24d91c0493d0/ss09gry_telemetry_js/js,Gryazin
75,0,0,0,0,,0,332,124.7,61.74323,25.23296,022,0,2,Competing,0,,1633172671400,e48230c3-8ed7-442d-a370-fae6bf73a61c,d59ce450-134b-415b-b329-9567a619ec0a,/a3f5f3f5-3fb0-42ab-af90-24d91c0493d0/ss09gry_telemetry_js/js,Gryazin
76,0,0,0,0,,0,326,124.6,61.7431,25.23311,022,0,25,Competing,0,,1633172665000,e48230c3-8ed7-442d-a370-fae6bf73a61c,d59ce450-134b-415b-b329-9567a619ec0a,/a3f5f3f5-3fb0-42ab-af90-24d91c0493d0/ss09gry_telemetry_js/js,Gryazin
77,0,0,0,0,,0,326,124.6,61.74273,25.23363,022,0,38,Competing,0,,1633172658600,e48230c3-8ed7-442d-a370-fae6bf73a61c,d59ce450-134b-415b-b329-9567a619ec0a,/a3f5f3f5-3fb0-42ab-af90-24d91c0493d0/ss09gry_telemetry_js/js,Gryazin
78,0,0,0,0,,0,358,124.5,61.74198,25.23436,022,0,45,Competing,0,,1633172652200,e48230c3-8ed7-442d-a370-fae6bf73a61c,d59ce450-134b-415b-b329-9567a619ec0a,/a3f5f3f5-3fb0-42ab-af90-24d91c0493d0/ss09gry_telemetry_js/js,Gryazin
79,0,0,0,0,,0,2,124.4,61.7412,25.23422,022,0,49,Competing,0,,1633172645800,e48230c3-8ed7-442d-a370-fae6bf73a61c,d59ce450-134b-415b-b329-9567a619ec0a,/a3f5f3f5-3fb0-42ab-af90-24d91c0493d0/ss09gry_telemetry_js/js,Gryazin
